transaction_id,customer_id,product_id,quantity,transaction_date,total_amount,Card_Type
13-7427019,87-2919006,46-2732354,3952,10.06.2023,136314,visa-electron
65-2968490,56-9876147,07-4959214,318,15.02.2023,478949,jcb
93-7941794,73-2941955,69-8808573,6494,27.01.2023,217955,jcb
41-5559823,83-9114467,,9650,27.05.2023,111286,
59-6523445,42-9271721,33-1257533,1821,14.01.2023,166472,jcb
98-9652722,75-4953322,56-9365892,6566,13.02.2023,43692,jcb
94-5083824,74-5488660,20-4396570,,,115201,jcb
20-4432256,27-6531689,48-8088580,4019,11.03.2023,74789,
97-8360558,04-0366460,06-5948226,7695,,169202,china-unionpay
20-2155858,58-7694747,99-2939935,3885,03.08.2023,106486,
83-3283734,83-5565966,41-4272436,2772,24.07.2023,219570,mastercard
31-0766108,81-2423872,79-4564236,5820,02.06.2023,178563,
01-2776985,37-2723236,81-3582531,,02.10.2023,157669,maestro
80-6605188,31-7669435,93-0679435,2503,06.05.2023,142922,switch
13-5971356,97-8722080,17-5999723,6039,05.05.2023,425209,
48-0643259,22-0819003,80-1464757,8487,04.11.2023,484744,
46-5220386,09-1327795,34-4720533,1527,01.04.2023,177341,
65-9566037,30-7033319,14-9553949,4915,01.04.2023,299504,
32-9148620,18-5267292,63-4506244,3538,17.05.2023,397043,visa
03-2052204,84-2749944,41-8539672,,30.07.2023,276016,
95-8549712,52-9361646,90-8515957,9438,22.01.2023,202113,
09-6154709,47-3111844,14-8113708,1054,10.02.2023,533561,china-unionpay
37-0619510,10-0570304,19-9981611,3198,12.10.2023,27164,
25-2872186,54-9449404,54-4818056,7925,19.03.2023,506079,mastercard
00-5672227,54-4180693,67-8605069,2206,18.10.2023,316589,jcb
40-1947319,61-6271929,10-2615476,2586,,86389,bankcard
62-4391347,85-9154463,95-2813871,7380,,511507,jcb
68-1462722,37-9310844,24-9091856,891,26.02.2023,131463,jcb
42-2852542,69-1536365,,6028,,65066,diners-club-enroute
12-7992820,36-7264422,80-3972075,3796,29.04.2023,455710,jcb
17-2909512,58-3166132,54-9539738,3821,11.12.2022,263796,mastercard
84-8104568,86-6007591,10-9822345,678,14.02.2023,456612,
25-7497283,51-2817674,07-7882623,8659,27.07.2023,43778,switch
56-4034983,70-7411062,37-5391482,1653,18.06.2023,422037,diners-club-us-ca
44-5871973,05-2671658,66-1588380,4680,,127149,jcb
52-8612058,41-8231958,18-0899742,7544,21.06.2023,106317,instapayment
63-4110833,85-3082531,24-1570462,2925,31.12.2022,429114,
77-5447416,97-0217405,,,15.07.2023,126680,jcb
99-4700067,85-8790015,30-5824112,8557,,590027,jcb
90-8018818,34-2108158,90-9162009,,15.11.2023,379321,china-unionpay
98-9332778,84-6665855,61-7086227,5179,25.01.2023,463103,americanexpress
35-6977041,07-6627594,62-2500038,8657,05.12.2022,315396,
11-7433696,20-6964744,15-4920204,8907,11.04.2023,275454,americanexpress
03-4082061,22-9024599,28-6635779,,19.03.2023,376037,jcb
03-3626225,88-0494763,08-2371798,5557,,372801,diners-club-carte-blanche
47-0267100,48-1823712,22-1084745,6196,11.10.2023,127000,solo
38-5984316,11-5457304,45-9898962,9082,,420399,maestro
79-8238561,49-7704560,03-7502449,2022,17.05.2023,257589,americanexpress
95-6047681,29-2538583,87-4417301,1865,05.08.2023,355737,switch
61-1018956,40-9700420,16-7662538,3667,17.06.2023,514542,
48-8598282,61-6178082,86-6678192,3792,22.09.2023,596854,visa
07-7929853,50-1068248,,4455,23.10.2023,550104,
63-1033188,00-8752952,47-7645336,2065,11.04.2023,242859,
51-6189911,39-2678831,03-6192510,8046,21.07.2023,361915,mastercard
79-4013650,87-2585602,,8797,01.09.2023,206349,
47-0008789,10-2144930,94-6894206,8153,06.01.2023,295817,diners-club-enroute
11-9042682,30-2475210,,,29.12.2022,337913,
55-9334373,83-3126875,58-8848934,6150,29.06.2023,225736,laser
31-0274266,16-3514444,52-9679428,3233,21.08.2023,285867,
91-9129153,27-0719017,38-4449128,4730,19.11.2023,212371,jcb
65-7640817,61-5706656,81-3766551,5637,,140395,switch
56-4066792,19-3918745,60-2114347,5787,20.11.2022,24869,maestro
40-3225333,49-7207269,59-3857887,9750,09.10.2023,327841,maestro
67-1606297,44-3770400,75-1000427,4516,18.05.2023,102823,jcb
15-4348444,93-9875868,25-0122970,,15.05.2023,542261,jcb
92-7242198,11-7135072,46-2022320,6667,09.03.2023,326658,
34-8409958,29-5200453,20-3169461,6377,,319969,
12-5961530,78-4725007,44-2931596,521,15.08.2023,433792,americanexpress
97-9791214,12-5503157,30-6022603,4171,15.12.2022,586642,jcb
31-4411548,34-3081952,04-5292641,6216,10.05.2023,358910,mastercard
90-0850754,30-2756168,48-9540310,4484,17.02.2023,332212,switch
21-4670344,13-4958855,,7166,25.09.2023,599003,
85-7869207,57-3429810,81-7855271,,18.09.2023,249683,jcb
06-0787804,21-8487113,13-6182648,4990,05.08.2023,319627,
59-2226830,31-7493614,,7287,14.05.2023,336499,mastercard
53-9365931,26-3549653,73-3740707,2913,09.06.2023,208417,
32-3528149,31-1035905,,1209,14.08.2023,162889,diners-club-carte-blanche
74-4347012,62-9429896,30-6824295,1905,14.03.2023,38772,
30-9084386,36-1802950,11-8659287,,,143521,
65-6956971,98-3411103,85-1849180,3851,,333473,
77-8078572,35-8811293,91-7433306,5538,14.10.2023,67320,instapayment
30-4722733,92-5601128,38-4430268,5129,08.02.2023,451158,
94-2647179,53-2501718,74-0876658,9985,23.04.2023,176245,
35-0201841,35-2796876,91-1529812,1686,01.02.2023,476787,
59-0099778,43-3797456,91-8452380,2089,15.07.2023,164463,jcb
84-9576169,61-9451150,36-9245592,4236,01.12.2022,480361,
80-2131660,74-6330638,66-4336876,8974,02.02.2023,361479,mastercard
78-2261383,94-3904641,38-9163735,8662,20.02.2023,328986,jcb
48-4814207,03-4292769,08-2002319,2975,26.03.2023,291731,solo
66-9631356,40-3324116,73-0542985,2071,14.06.2023,280794,
08-1515015,91-5164482,91-2009960,3771,15.11.2023,300134,switch
59-3732198,61-0740973,43-6466317,3487,02.05.2023,171089,
63-3251689,11-8316178,35-1836133,9524,17.11.2023,448469,diners-club-enroute
50-3496261,67-1317299,71-0319582,1931,,151211,diners-club-enroute
93-0358398,87-4931154,04-3960497,7560,23.11.2022,253504,jcb
92-7122585,79-2984970,41-6623714,4312,05.02.2023,288867,solo
21-9748973,39-0995249,21-2435031,7143,11.08.2023,14757,china-unionpay
63-8855355,82-5303152,15-8291991,2969,15.09.2023,559289,mastercard
07-8485412,71-0372743,92-9788723,3809,16.10.2023,522467,jcb
33-3904457,58-5393945,87-0576421,,02.04.2023,242818,
46-4745953,06-6916279,29-6717258,8485,28.11.2022,423784,mastercard
46-4692630,29-1377593,68-5651065,5861,10.01.2023,569447,china-unionpay
18-0245688,53-6099727,,1354,,73278,
62-3842491,56-7818121,,3300,,298795,
41-2392813,23-9070226,14-6980170,7916,02.06.2023,64736,mastercard
15-0496164,30-6067665,07-6578046,4625,20.01.2023,488209,
56-9686387,15-2928387,87-4508805,4002,20.10.2023,371589,jcb
47-6397143,09-6272934,20-6327313,4128,16.11.2023,10283,diners-club-enroute
88-3006041,36-2787829,92-1832780,4495,11.09.2023,195056,
49-9710387,83-0672419,07-4304705,8579,09.09.2023,96253,jcb
75-9989105,79-6139455,83-9491892,2303,12.01.2023,585407,laser
53-1493031,25-4372164,29-4851279,,13.07.2023,391227,maestro
64-5254263,11-9946364,30-3560576,2028,,524924,jcb
78-3083113,36-9478955,,,19.02.2023,489934,switch
04-6292515,40-7650285,04-8183435,3450,14.04.2023,538649,jcb
59-1035989,00-0992467,81-6923732,1938,17.12.2022,70818,
06-1534429,81-1757841,12-4966590,,16.01.2023,327104,
87-7773913,83-1790014,46-5223292,7559,14.12.2022,424187,jcb
73-0493884,53-5000016,70-8702362,4239,30.03.2023,463105,
15-4360685,18-7905757,01-2264632,,11.12.2022,63355,laser
26-5102956,58-8165221,15-5012122,8503,22.08.2023,170748,
04-0963461,95-4911723,80-6812822,2055,08.09.2023,436181,
39-2892488,05-8699108,06-5762092,9102,17.02.2023,292246,mastercard
03-3844628,01-8595438,,3684,,186811,
72-6938227,71-6289819,32-4221148,5952,04.06.2023,1425,
95-8720920,00-5151670,23-6021796,6744,14.05.2023,489071,
51-8645329,41-1858859,13-1525908,8804,15.11.2023,548214,
93-1093887,52-3231036,01-6645527,9798,25.02.2023,426062,
08-3654605,56-5783416,35-5381244,126,24.10.2023,530843,jcb
07-4654232,98-7278185,99-0278295,705,14.11.2023,68462,instapayment
10-5251564,55-0136860,28-5101799,4186,24.06.2023,228207,jcb
80-3275813,17-3691011,03-2528625,9425,14.03.2023,289821,americanexpress
53-4759661,89-4319703,72-3465467,9419,07.05.2023,435705,jcb
10-4974772,20-1358319,42-5663259,6681,05.11.2023,413383,
12-4741778,52-6725560,72-1440567,4676,14.03.2023,453071,maestro
25-5474644,80-8463724,99-0269178,4693,19.06.2023,155991,jcb
71-1124379,73-9426860,56-8191617,3947,04.11.2023,232594,diners-club-us-ca
81-1060319,61-7751905,46-3112702,,17.06.2023,104629,solo
21-4764214,48-6254706,40-1634672,1091,17.08.2023,172059,jcb
27-7376119,19-4778260,65-2143593,2416,19.10.2023,101590,jcb
59-9302083,61-5525966,56-4996263,2853,28.06.2023,13953,
04-3919968,57-9284090,01-4712122,7494,07.03.2023,562573,
90-9147710,50-7043405,08-8870503,,04.09.2023,501319,switch
69-9094558,64-7456554,,,31.12.2022,256941,
10-6644145,47-5134780,97-9801329,8279,03.10.2023,75168,jcb
72-7370058,78-9174754,78-5795832,6505,23.03.2023,390562,mastercard
30-1323301,59-1136940,52-8743924,,27.05.2023,207921,bankcard
62-0397650,69-1395318,33-2159547,2927,08.07.2023,140145,jcb
05-4035936,40-0861056,93-5837678,2710,08.08.2023,245896,jcb
84-8089860,61-3434187,64-8015178,4712,01.02.2023,587502,
39-8659486,08-5409183,65-2889948,3170,30.03.2023,131496,jcb
82-6244149,04-8711631,01-5025464,9448,07.03.2023,527862,jcb
59-9425930,94-1318292,23-6352202,4758,06.02.2023,121613,
86-9603310,77-6065206,10-7139629,,24.01.2023,538929,
20-3766186,61-1727002,47-6123044,5052,06.05.2023,321405,visa-electron
38-3319233,06-0701241,65-4961710,4723,30.06.2023,416895,
86-8919403,63-7571475,01-0265066,7758,17.03.2023,193725,
69-2945449,81-9017957,12-8063260,7898,28.09.2023,75272,
68-7239270,42-9439685,88-0030065,37,02.08.2023,465046,
79-9224504,90-1384103,58-8039109,,27.09.2023,408219,
79-1388347,41-6210171,92-0205077,3976,02.03.2023,236023,
27-0102040,48-3264416,29-7901289,2149,10.11.2023,374112,mastercard
03-1884639,47-3064579,03-1873811,1629,,334433,maestro
62-3182910,02-1949155,76-7732198,7618,09.11.2023,168706,americanexpress
65-5229704,04-6890598,92-0330466,6262,07.04.2023,207406,
87-9770201,75-1301514,17-8364047,405,02.11.2023,268554,jcb
41-2177363,59-1652828,,9993,26.11.2022,451133,solo
58-1283258,63-2710573,60-5981263,3476,10.03.2023,148124,visa-electron
94-2399164,56-6143883,78-3035590,9721,23.04.2023,537007,jcb
35-6333947,87-9817288,22-4135809,,10.07.2023,76095,diners-club-enroute
85-8462055,79-0997292,30-1546830,3113,04.04.2023,277982,
92-7305900,55-3738295,55-3562770,5133,22.03.2023,355665,jcb
72-9031424,48-7687670,04-3242567,74,20.09.2023,328120,jcb
73-2821677,66-4183715,,4539,06.03.2023,524669,switch
07-8814154,13-2001115,,7668,06.12.2022,524359,
05-5517028,02-6751627,02-8346073,9348,13.10.2023,524943,jcb
72-2758611,43-0422224,94-6047579,8788,18.04.2023,517181,jcb
65-6836844,92-2552221,67-1307089,8566,11.11.2023,557666,
28-2233561,91-1440355,,7619,05.10.2023,593034,americanexpress
61-6402899,65-4983822,,4585,04.07.2023,155343,
16-1220403,83-8240132,89-6877201,3368,12.02.2023,347425,jcb
28-5216784,22-8576250,31-3048214,6136,23.11.2022,553066,switch
44-9494186,72-5684800,97-3302789,8528,11.11.2023,165018,jcb
53-8521286,91-7154333,09-5568894,8218,07.03.2023,26894,laser
00-9917883,07-8177018,03-8548820,,21.03.2023,477561,jcb
35-2181320,97-3228831,24-7327323,6439,25.07.2023,409649,jcb
13-6083946,97-0956833,59-2495427,7962,06.09.2023,332093,jcb
09-8112578,43-2812888,24-8974233,6509,,178915,
43-2663915,60-5341941,08-7280182,2232,04.04.2023,499861,diners-club-us-ca
62-0566125,56-6812481,,6214,19.05.2023,265522,jcb
37-3662342,68-0663997,74-9459740,8530,30.12.2022,69808,maestro
83-2791571,58-8486221,42-4267767,4085,23.03.2023,103262,jcb
04-7363863,09-1782865,65-5090224,4513,,451188,china-unionpay
95-3581719,17-0776315,09-2785549,3379,08.11.2023,64256,mastercard
75-1886495,84-0724575,83-7310742,6548,28.04.2023,232059,jcb
04-7354491,94-2744588,76-6280863,3241,21.01.2023,408879,jcb
20-0700792,19-6588783,52-6345524,,,167427,diners-club-carte-blanche
93-0820885,83-3631997,27-1897796,2120,07.05.2023,20735,jcb
90-2376673,24-5238347,10-4030711,,28.07.2023,281361,jcb
26-5560101,70-4105341,25-8608682,2986,,121668,diners-club-carte-blanche
28-6239158,76-6805033,56-7642860,3495,29.12.2022,401037,
11-3828974,03-4868325,28-1351046,9327,24.08.2023,502226,americanexpress
39-0081172,18-6178509,08-9713688,4472,02.06.2023,549978,mastercard
40-2921475,26-0878098,96-4095166,413,30.07.2023,572788,laser
19-2129186,73-5733924,52-7185295,213,16.03.2023,70127,diners-club-enroute
13-2767768,75-6637976,,2886,21.06.2023,14298,diners-club-carte-blanche
11-6912021,72-8437140,56-4895787,,27.04.2023,136825,jcb
03-5616042,38-1654624,50-4205480,2120,29.05.2023,262637,jcb
67-0378253,54-1245311,49-4654490,8435,16.06.2023,187033,bankcard
07-5149125,29-7961762,07-2511190,8294,27.01.2023,475544,maestro
61-6688780,95-2856206,37-3090745,5178,,405591,visa-electron
93-2875540,96-7104020,94-9670641,2572,17.07.2023,121604,jcb
30-1435680,21-5461870,85-2077128,4193,26.03.2023,211762,visa-electron
88-6328000,36-4495977,50-4045120,1214,06.07.2023,568132,jcb
78-9316181,96-7671844,90-8438412,7626,16.04.2023,497635,jcb
44-3817161,07-5730802,21-5116410,8333,11.04.2023,1201,jcb
73-7056178,30-8841250,,6075,29.01.2023,67582,diners-club-enroute
05-7501123,06-6844401,36-5233992,,10.01.2023,261388,jcb
08-8752342,54-4662321,23-3594889,3473,09.09.2023,546154,
11-9348456,59-2813080,,1619,13.06.2023,441668,jcb
72-6161710,01-8400990,64-3264346,9808,03.05.2023,334137,jcb
16-8126682,29-1509297,42-9879704,2453,26.12.2022,417254,americanexpress
82-0058114,94-0083567,72-0237146,9031,18.01.2023,425520,jcb
93-8802058,18-6700769,61-9317960,680,06.08.2023,481236,jcb
39-7173622,85-8668142,28-3930922,5116,08.01.2023,6398,mastercard
64-7961626,59-8187081,09-4301344,9768,13.08.2023,51890,maestro
50-7108348,50-3518931,62-3054638,3774,18.06.2023,25465,switch
80-1311562,75-1324801,83-7282303,6978,14.09.2023,378512,switch
72-0380464,78-8482129,15-2901108,3831,26.12.2022,389646,diners-club-enroute
95-0310509,94-8759848,06-8450584,6445,29.03.2023,214930,
87-0929110,38-7546837,56-6380736,5899,17.08.2023,173745,jcb
62-4754938,18-7028112,,7314,18.07.2023,317348,
45-1794333,37-7943140,17-3018071,2678,04.06.2023,346729,americanexpress
82-8534184,65-0689028,82-3004967,9569,23.10.2023,420384,jcb
39-7377437,93-1656282,85-8185790,7685,19.08.2023,125530,jcb
00-5143628,30-7191299,72-4617520,6945,21.02.2023,23918,visa-electron
29-6776804,49-9637871,95-4823119,8641,04.04.2023,180738,
87-4431936,92-1493245,53-7157390,3720,02.11.2023,108363,jcb
26-1923715,21-0951098,47-1836218,9186,30.06.2023,5451,jcb
08-3426913,39-4082185,56-0830702,2648,,199399,jcb
58-0748937,05-5536583,81-7342687,1537,10.10.2023,588569,diners-club-us-ca
91-7652914,98-3898199,64-9891272,7280,20.07.2023,399345,china-unionpay
36-0953566,26-9187063,32-2905034,424,04.07.2023,406854,switch
09-1572368,60-6056646,39-0854803,1739,03.07.2023,574042,
28-3837412,69-9121175,56-8971059,5858,08.09.2023,190919,jcb
38-1949913,77-5471378,54-2922196,2700,05.01.2023,376743,
52-7395846,23-1533848,73-3665446,7545,25.12.2022,403430,mastercard
42-1181686,96-5900297,43-6975179,3241,10.06.2023,425475,
42-5403199,27-6046012,96-2238972,6196,14.11.2023,304691,jcb
03-9146497,78-9066385,45-1114475,1713,21.09.2023,179442,americanexpress
59-5002231,06-7172282,16-0088937,7376,16.03.2023,427993,laser
09-3077120,19-0633277,86-7104830,7902,,53370,bankcard
23-2511735,46-2144119,42-4916483,9672,20.02.2023,136824,jcb
37-8944307,85-1342455,27-0703355,5526,05.03.2023,451527,americanexpress
16-8978902,12-2034365,,4004,,345641,americanexpress
60-8766407,59-7344418,90-9486318,6832,,403314,maestro
41-5128004,84-2013077,44-5547633,8182,27.11.2022,329040,diners-club-carte-blanche
64-9499090,91-1644539,84-5580050,2151,07.07.2023,344080,visa
38-1489817,60-4601067,,7604,,347274,visa-electron
14-8310782,24-1812825,77-3914070,2096,,536958,jcb
60-2399719,32-9053692,11-2012322,5049,29.04.2023,314633,diners-club-enroute
78-4030848,55-3819770,75-7987529,7798,18.12.2022,174200,jcb
99-8268684,82-1311715,72-5848207,4884,15.01.2023,376655,jcb
51-7781205,72-3928005,13-8118527,6365,18.07.2023,362870,jcb
58-3455541,76-1822074,12-1039424,5472,,273659,diners-club-international
26-9773794,03-4904984,10-8388949,4133,26.02.2023,556404,jcb
92-0772923,85-2781981,85-8518437,,27.06.2023,547582,china-unionpay
42-4683091,08-1284722,58-7681652,68,,145348,diners-club-carte-blanche
97-5888098,93-3300304,15-2087367,6181,17.12.2022,161644,
61-6374530,23-4286407,70-4331166,6604,16.03.2023,293093,switch
14-6126045,14-3321017,83-1058313,6087,05.04.2023,523613,
36-5879616,73-7574739,26-8606788,9154,,263868,jcb
73-2159864,06-8298607,89-3886851,2973,03.12.2022,344268,jcb
81-3388214,13-7757508,50-7808223,8587,28.06.2023,307878,maestro
52-4381973,52-5679163,63-7411285,8893,10.07.2023,542679,
73-7169234,65-4546609,80-5352715,9773,12.07.2023,3492,mastercard
22-6388771,48-8307217,48-9887268,9857,05.09.2023,559712,solo
17-5340457,62-9235818,07-7709579,1093,22.04.2023,411914,china-unionpay
72-3635106,15-0171766,69-2297521,6170,20.03.2023,174731,visa-electron
91-2193282,62-6463075,08-4981850,9609,02.11.2023,449937,
76-6556696,36-9468061,87-8486336,6999,04.11.2023,397026,
67-1152990,22-3766560,13-9125371,3541,22.03.2023,384320,
49-7994954,12-6651818,76-6628738,3903,04.10.2023,468750,
69-2939447,74-4756265,,,18.09.2023,226408,
79-2401063,23-9638867,67-8938478,103,29.12.2022,457444,jcb
73-0780928,65-7929949,60-6374722,5484,13.10.2023,120110,jcb
16-3608382,36-2800861,85-5703619,9558,13.02.2023,365221,
73-1415808,77-3772950,21-9664499,6288,26.04.2023,482435,switch
21-1731048,82-7888438,83-3758870,1073,11.02.2023,140055,jcb
10-9708003,55-5505447,58-9342473,7382,23.09.2023,78645,
34-2836546,32-1480173,15-0616421,9706,21.11.2022,141337,mastercard
22-2656036,63-2261055,06-0911220,,05.08.2023,202544,maestro
11-8897537,78-7106217,66-9072142,,19.09.2023,272531,switch
39-0946545,84-0096910,66-5422726,7941,01.06.2023,132135,jcb
06-0371006,64-2567412,08-5616917,,25.04.2023,491044,bankcard
34-7476146,19-6851423,97-0955543,3133,13.06.2023,481474,laser
12-3555813,16-9626956,54-5042365,9378,09.08.2023,188052,mastercard
66-1933844,76-2750076,83-4321389,5501,17.10.2023,47789,
22-5702094,48-9740731,52-6538558,1126,05.10.2023,284164,diners-club-international
20-7507007,39-5702700,45-3376243,1915,01.05.2023,294910,diners-club-carte-blanche
16-6825356,16-1484513,78-2222823,,04.07.2023,514094,
36-7646795,72-9400030,95-0362640,4623,22.10.2023,553130,bankcard
51-9667596,32-0464924,47-8537348,,05.12.2022,317298,
11-9635227,10-5572945,,51,19.05.2023,26227,
28-8388935,34-6766828,38-2116066,7843,28.11.2022,273076,jcb
51-3758607,96-4528066,,3225,,559524,instapayment
79-6764586,05-0173992,79-5847121,8766,25.02.2023,311956,
76-7619887,32-2086580,92-4633483,1958,09.08.2023,352624,diners-club-us-ca
19-0930063,67-5338032,69-8233698,3238,16.06.2023,37220,
43-2388943,01-6716972,02-4494576,6646,28.04.2023,135192,laser
68-3969128,54-3573661,33-3694103,8848,,62211,jcb
76-7898867,38-8069876,27-4421975,9728,12.02.2023,379974,visa-electron
52-0527329,04-9438220,13-2124232,8070,17.04.2023,60407,jcb
78-4038004,13-2096601,49-2492814,4136,29.08.2023,377434,
65-7252104,41-6972911,34-1217776,7473,01.11.2023,322273,jcb
34-1427549,92-0714707,29-7211002,3091,19.09.2023,65783,maestro
54-5325621,25-8973106,89-9457264,,30.01.2023,553410,maestro
59-3067595,36-2013623,65-5558024,8842,01.12.2022,471950,jcb
50-2621263,54-6039504,67-9603198,7323,07.06.2023,207234,americanexpress
12-2982133,43-2637116,73-9676599,684,23.02.2023,303121,
50-1102967,26-5130319,36-3065614,9832,03.11.2023,353340,switch
85-8146032,00-2340423,,,20.04.2023,562832,switch
61-1162548,31-6288940,91-3211965,7302,20.08.2023,528282,jcb
50-2222490,81-0527486,19-5633098,5754,15.07.2023,281680,jcb
21-2028253,74-4529879,31-7723664,167,30.07.2023,64952,visa-electron
42-3076958,13-2295505,28-0463406,1792,31.08.2023,411027,jcb
68-3254136,58-0540864,66-9323351,6874,28.01.2023,276163,
16-9450615,95-0942033,68-8785983,9722,14.11.2023,213108,jcb
06-0132625,05-1224126,11-1996323,4124,23.09.2023,519980,bankcard
58-7945973,47-9495484,08-0840392,8890,13.10.2023,354701,jcb
74-7962093,63-4510368,20-0694866,3849,04.10.2023,389486,
04-8728581,61-8930026,45-7135138,100,29.01.2023,545240,mastercard
13-1567530,96-6469626,55-6086166,9305,27.05.2023,27728,jcb
13-8156162,84-7618099,95-7450892,,16.02.2023,477536,jcb
46-8389384,43-9599520,23-9151137,57,06.05.2023,596854,
34-1879681,55-7924547,25-0279973,3117,01.08.2023,206366,bankcard
28-1048043,49-3556425,03-5170972,9964,30.01.2023,554054,jcb
98-6627815,63-5443575,93-9688769,,30.04.2023,448174,americanexpress
08-0265834,32-2473917,18-6538430,7791,27.09.2023,142898,jcb
99-4390751,81-4329108,72-8971697,2233,28.12.2022,557978,jcb
66-1191064,54-3354608,,9986,11.06.2023,57570,visa-electron
89-3907347,64-6037964,94-8670036,3188,28.11.2022,161945,bankcard
53-0886551,69-3810125,59-6256667,5116,25.07.2023,1028,mastercard
15-8918468,22-7879352,15-0051597,1510,18.04.2023,481069,
55-2020407,05-5171222,53-9250613,,02.12.2022,564566,jcb
70-8364543,09-8019310,92-3893919,4840,05.02.2023,419177,jcb
16-6510728,34-6826798,,4230,14.09.2023,266201,jcb
33-7738503,75-1763215,19-6297842,725,26.05.2023,526123,
84-9768921,12-2852671,18-0078057,8372,21.03.2023,5443,jcb
97-1401650,94-0196047,68-8518629,2427,08.09.2023,89777,bankcard
93-4730202,57-7736356,85-5832384,3939,15.06.2023,137312,maestro
30-0639040,00-0175952,95-1039929,2744,14.02.2023,441213,
39-8134690,02-5733546,22-7435549,9081,23.10.2023,179139,visa
64-5196121,68-9728640,,6278,11.06.2023,343780,
32-0490766,27-1838149,92-8832273,4682,22.10.2023,247118,jcb
25-3066966,72-3805263,28-5085487,5347,22.04.2023,331028,instapayment
82-6193528,34-4391598,75-0948991,5946,05.08.2023,112419,jcb
13-4760318,67-1040539,64-6725045,761,01.01.2023,105346,jcb
35-3626473,16-4880856,86-6822363,2626,,19313,jcb
79-6928318,37-7100545,46-8293197,1834,23.12.2022,462110,switch
03-2907818,67-4857603,77-9453787,3906,11.05.2023,435456,
20-2440625,08-9100353,74-4098665,9667,30.05.2023,345993,laser
90-0256129,83-0199129,52-1457200,989,30.08.2023,163743,jcb
10-7091908,53-5438140,91-7223632,6691,31.12.2022,64673,
22-8607757,74-2073985,72-5357787,8183,26.03.2023,322104,jcb
85-9395844,03-0429083,80-4639886,6437,19.05.2023,58907,jcb
84-4935715,12-0283266,41-6295377,1103,09.01.2023,496473,jcb
61-9396856,79-8863604,57-4260956,7422,08.03.2023,588151,jcb
85-1283742,42-1940393,05-5756220,,18.09.2023,376809,
90-4922708,19-9248992,93-5339829,3652,26.02.2023,71033,jcb
01-7602192,56-8382632,19-9331639,3745,24.02.2023,108047,
43-2519790,46-6133117,,7049,29.07.2023,544560,jcb
34-3053171,26-7448137,20-3223987,1766,24.06.2023,202084,
23-2481631,97-9877772,68-5650333,6130,14.05.2023,3246,mastercard
24-7758805,02-0020902,01-7491247,1850,06.01.2023,112542,jcb
60-5279951,81-6508739,39-0464045,,24.10.2023,4236,
81-2889094,74-6231590,53-8209288,1695,,113324,
91-5415482,06-4042791,95-5257904,1093,29.07.2023,578002,maestro
18-0989328,08-2401598,63-7727099,,04.10.2023,161257,maestro
05-6830554,40-7959669,,9370,04.04.2023,24281,visa
72-8834199,05-4993986,79-6717917,5551,16.12.2022,421677,bankcard
06-8895496,29-1106881,30-2074635,6940,08.12.2022,174694,jcb
31-4836034,94-7208003,41-1198923,,29.12.2022,479565,
70-6067180,31-8823849,25-1310024,4124,22.11.2022,283174,china-unionpay
28-5166723,03-0356096,,3220,13.12.2022,279478,jcb
21-6244496,83-3585644,70-8944631,2046,09.06.2023,203487,
71-5711230,94-1671502,,9565,21.11.2022,454913,laser
37-5891914,68-9495588,,5836,17.01.2023,528940,visa-electron
98-3649770,12-0703383,49-9387715,2714,,598423,americanexpress
78-8533354,70-3101361,33-3368744,7151,09.12.2022,581523,
36-5589443,06-9724385,11-0319287,3909,,175646,diners-club-carte-blanche
09-0627389,33-2469301,,841,02.04.2023,140660,
88-8785691,04-6648175,86-2197873,7666,06.08.2023,201513,americanexpress
68-0177751,69-7994548,76-8942491,5996,18.01.2023,225755,jcb
05-3464388,01-1383521,04-8913238,3912,04.04.2023,196030,china-unionpay
27-2316443,38-7252696,92-6950664,,18.06.2023,597591,
51-1956335,49-8453185,,81,28.06.2023,581815,
08-6924361,19-2589609,41-2352682,4332,09.02.2023,417375,visa
19-3115963,77-9862881,67-2417632,450,30.09.2023,496899,jcb
38-1003315,62-0594050,03-2321811,109,23.10.2023,91673,
74-2470989,80-1881611,32-8592200,,02.08.2023,468413,maestro
31-0826361,82-7390425,61-8005011,9359,06.07.2023,516644,
52-1026072,60-4244297,89-1830546,2602,07.02.2023,595807,maestro
06-8789088,93-7612077,,2671,03.08.2023,513266,diners-club-carte-blanche
56-9837497,53-9292718,48-4151078,6400,27.02.2023,198480,jcb
08-0923658,61-3036027,99-3200197,2256,09.05.2023,328297,jcb
39-8344418,42-7847157,,3865,27.09.2023,306954,jcb
79-3863603,02-7184284,23-8048628,4247,09.12.2022,400195,visa-electron
23-7173025,25-4210740,96-9957368,7635,,461606,jcb
37-2783772,88-9774718,66-3153758,9264,02.03.2023,515707,
51-5089680,87-6811785,97-0180868,1404,09.08.2023,590261,
09-7118908,64-0036582,65-9370505,9082,,213986,
74-7902246,34-3884715,34-5336118,1903,28.08.2023,167353,solo
58-8286821,76-2487831,61-9193406,4468,15.11.2023,113849,laser
01-4544347,38-1229386,41-5284110,,18.05.2023,333829,jcb
94-3080403,51-3659828,90-0115786,7853,05.08.2023,314937,visa
47-1591385,45-3590809,,1759,03.02.2023,171968,jcb
68-7721501,48-2041312,50-2780317,1961,08.07.2023,72692,jcb
34-0530690,44-0116107,48-2576926,2378,02.07.2023,9821,
68-6114393,60-0904076,32-7360636,3247,10.08.2023,446617,instapayment
76-4938517,08-1070990,13-6869558,7642,15.02.2023,86021,
76-5833756,78-1981136,07-0956579,8417,27.11.2022,221898,diners-club-carte-blanche
88-5485084,76-8490708,30-7905891,7374,01.01.2023,245819,
37-2198734,92-3884914,94-6612505,295,17.07.2023,241243,
59-4785258,27-7382398,87-3919135,7491,21.11.2022,328104,
94-8889548,21-5164535,09-0421773,5264,02.10.2023,531595,jcb
98-8188119,52-1266797,61-0762055,577,23.08.2023,390874,laser
41-6674920,50-8024486,03-8540753,6751,03.11.2023,508044,solo
38-7316967,63-6753315,98-7751863,146,19.03.2023,458431,jcb
37-6231756,50-2513858,71-9566402,2672,13.09.2023,438864,
92-0732738,84-6937596,57-4543355,3251,28.03.2023,504900,instapayment
14-1408947,86-8900275,,,23.06.2023,301724,china-unionpay
70-2220967,19-1822436,35-4409771,3147,06.05.2023,158640,mastercard
41-0312775,44-5376555,79-2601525,4290,26.09.2023,363448,mastercard
84-8361103,14-4642757,90-8600749,3668,21.09.2023,21598,
38-5588470,05-5786380,17-2821446,7910,10.09.2023,275283,
92-7440664,65-0504501,,71,,192520,americanexpress
88-1083770,08-3885276,17-0765309,4638,17.11.2023,32398,
27-4469175,87-2339893,06-4165034,7241,05.08.2023,161526,mastercard
23-0460076,67-4317067,,9166,11.06.2023,217699,solo
79-3660461,80-0708222,50-7658737,6057,20.09.2023,414273,
32-7219081,71-0706575,43-2864255,6689,06.01.2023,199622,jcb
09-7993370,72-3894246,11-3600244,8571,,70568,jcb
86-8716566,31-7089874,25-8086223,2590,12.09.2023,170374,mastercard
62-8146269,81-2256844,84-6399221,4778,03.06.2023,525266,diners-club-us-ca
48-8696343,78-4742605,58-5943111,206,09.05.2023,576561,laser
94-2483410,86-6883831,33-1715719,6409,28.09.2023,508857,diners-club-enroute
74-4564293,64-1422204,73-6876593,5712,19.12.2022,452529,maestro
08-0901078,56-5300588,44-8451330,5837,05.10.2023,398415,mastercard
02-2585395,62-6732175,,3409,,442578,
25-8736518,51-8760987,55-2815016,6666,11.08.2023,574377,
30-8116328,99-3030186,99-1588225,9808,,482233,switch
93-2168569,42-8762430,48-9714537,673,01.06.2023,117548,maestro
72-3270078,43-4166064,61-8486304,444,10.10.2023,462258,maestro
51-9663663,64-0037503,09-6830302,984,11.02.2023,482568,americanexpress
46-8676311,48-3612416,72-5948789,3634,06.01.2023,468907,jcb
68-4600162,40-5647631,91-4539052,4984,18.08.2023,5567,maestro
64-5795209,31-6860145,71-9502620,3476,22.07.2023,301066,
94-7939141,23-0073707,38-2934335,3909,28.04.2023,15967,jcb
51-1578084,82-5108201,36-8872166,,12.10.2023,22129,jcb
24-6789467,89-3992803,18-1868473,2593,21.09.2023,515759,switch
74-7362182,07-8793043,35-5210276,8639,30.12.2022,523065,
43-8746804,87-2012610,19-8233674,3463,31.05.2023,591266,
24-1055607,80-6767330,92-4801845,2180,19.07.2023,85393,jcb
09-6837550,34-9556711,93-0093962,6106,18.07.2023,36069,jcb
21-4771694,62-0531131,31-0110792,922,,109121,americanexpress
09-6143290,16-4576373,36-0116711,9393,20.03.2023,539612,jcb
87-4128102,64-4743884,22-9227531,,06.05.2023,428375,maestro
13-7813868,41-8557220,,3264,16.08.2023,364870,bankcard
87-7381947,27-2330649,86-6807843,,03.11.2023,463080,jcb
25-5285950,49-8964805,02-3166049,,02.07.2023,273928,
47-5576777,46-7446725,07-3367100,467,01.08.2023,579556,
87-9579198,84-1148144,44-1991147,9226,10.02.2023,123544,visa
74-1951915,63-4705058,55-7602261,1037,04.11.2023,68062,
13-6065939,45-1735385,46-5617067,,19.08.2023,429595,
59-3062969,11-9477195,79-5888370,675,26.04.2023,263076,
85-3564179,44-8752587,50-0181369,,13.02.2023,22424,jcb
15-7734796,35-7103506,70-0173434,,04.06.2023,366882,jcb
71-9798049,63-0580064,48-4692707,3972,11.04.2023,572679,
22-3834699,80-7589906,75-6373110,94,08.07.2023,572439,jcb
33-0958012,48-4203621,19-6227578,8114,13.08.2023,392062,americanexpress
58-3068015,01-4364422,,2071,27.12.2022,494490,jcb
73-3946128,32-0087590,51-9627135,7230,,159788,jcb
52-4938525,80-9097261,,7811,19.09.2023,160214,
37-9313328,31-2257332,,9033,24.05.2023,195564,diners-club-enroute
91-0840527,21-0692693,64-6110603,9130,02.06.2023,155832,jcb
96-1575663,57-8556726,80-4409484,8585,02.06.2023,255033,
86-1187086,40-4578449,31-2251835,8699,14.01.2023,322108,
45-1110372,58-4884476,80-9287115,724,,15053,
93-6905828,30-5887065,88-7747987,6790,30.04.2023,75334,visa
80-0037307,50-7605808,02-8788640,6742,21.05.2023,520644,jcb
92-5505713,61-3682724,18-4063203,2816,13.09.2023,593720,mastercard
74-3084299,97-3248359,87-7582431,3659,06.05.2023,277924,maestro
08-9871965,17-2376971,69-4748595,,15.04.2023,391193,jcb
68-6050400,73-6201473,66-8981163,2913,22.05.2023,505290,
59-5625810,08-2410268,11-0677545,4436,11.10.2023,233208,bankcard
82-6135250,68-2229488,15-9428768,8963,18.09.2023,457064,laser
00-1848319,96-0654100,51-6997773,8735,,100319,jcb
50-8804616,57-5671377,22-4313508,9699,30.05.2023,306068,visa-electron
02-4675062,98-3816154,89-3315542,,14.05.2023,54973,
22-5596230,88-9629560,38-2568067,1468,21.07.2023,535712,mastercard
09-0479839,96-8417881,86-1525555,9007,14.09.2023,362040,jcb
21-4174505,33-5094677,86-5045207,1171,11.06.2023,227983,jcb
15-9562607,87-2703955,35-3913668,567,16.01.2023,524234,jcb
51-4304541,93-8195684,,2367,30.05.2023,474010,jcb
00-5074036,97-5976870,94-2888827,4119,20.04.2023,205633,switch
09-6549677,31-0710189,71-5818331,7343,05.03.2023,253566,jcb
39-9363880,71-7073627,30-1695891,6083,26.04.2023,152323,maestro
67-6029071,55-8702320,94-1432375,7416,12.06.2023,146928,jcb
57-8955452,20-5839539,02-3179744,4582,07.03.2023,324446,
35-9258620,60-6325425,50-5013015,2882,03.07.2023,299218,jcb
72-4947651,41-4791159,58-6726601,,30.05.2023,182057,mastercard
46-3746576,38-5077483,60-7212616,1568,11.06.2023,266902,jcb
36-3125072,80-1662369,24-5571308,1824,,350838,diners-club-enroute
02-1894491,97-2075950,94-3396061,5708,23.07.2023,516902,diners-club-enroute
50-4768311,01-9219268,34-5196861,1887,16.05.2023,62685,
20-2360296,61-3575057,07-8314258,55,29.04.2023,80069,jcb
84-0608466,67-5606904,14-7205786,297,11.08.2023,72443,americanexpress
04-8312053,95-8565508,,660,02.07.2023,571264,
47-5294776,73-8059150,58-1173393,1709,04.09.2023,324139,jcb
06-8936743,91-2975693,55-0650681,8832,10.02.2023,270618,jcb
72-0139355,39-6540722,57-5602235,1147,05.08.2023,383040,mastercard
70-0843395,73-6189101,,1243,05.10.2023,324825,jcb
73-1335807,20-2516506,97-3667200,,,552280,visa-electron
47-5041839,54-0601120,56-7464841,4588,15.11.2023,548367,
58-9917263,73-2601448,21-9621655,,18.06.2023,122671,china-unionpay
22-6965719,02-5540903,55-1902158,,09.08.2023,398360,jcb
00-1291516,56-4066554,30-1945340,3979,06.06.2023,368992,jcb
38-2698108,73-9958403,49-8360883,,23.11.2022,353983,
80-9840091,07-6865283,57-0412084,5697,30.09.2023,569599,diners-club-international
49-0001600,00-2293795,88-9689865,8813,,329425,jcb
74-6334810,20-5952021,,,13.06.2023,463730,laser
93-9299618,43-1061925,42-6422865,5162,03.08.2023,205653,
49-8815148,04-1710947,11-7265413,5173,08.02.2023,139987,visa-electron
07-2508753,18-0956888,,8570,20.06.2023,129443,maestro
66-1561212,64-6974034,98-1624993,9376,31.12.2022,123441,china-unionpay
66-0095302,47-7892017,,4769,28.11.2022,208260,jcb
46-1140717,69-7353230,29-0711424,2594,26.06.2023,98308,mastercard
23-9452229,69-3103309,29-4577948,6236,05.08.2023,406858,
71-3222135,06-2131244,89-9784167,8885,05.04.2023,377666,jcb
64-2829638,12-8496617,17-7748948,4395,15.08.2023,440581,switch
90-9003467,65-6829081,15-3213300,1576,23.12.2022,13152,jcb
54-2706784,93-4895296,,137,23.11.2022,149604,instapayment
10-8094591,22-1008923,83-4968437,,07.08.2023,387186,diners-club-international
60-7092348,56-6871185,03-1488638,93,,439145,americanexpress
25-7707915,91-2156282,51-8051779,9442,01.05.2023,295096,
49-5086256,55-9974947,15-1176019,1600,04.02.2023,169013,jcb
71-1424127,99-3985148,24-1788613,7422,07.07.2023,218294,jcb
98-5013172,56-3166747,53-2951159,9141,16.12.2022,598351,jcb
15-8846005,70-0427647,65-4891466,,12.09.2023,266171,maestro
91-9199810,15-2202052,,5050,22.07.2023,215953,
57-6332985,78-4229880,,2626,19.09.2023,148038,
62-6729319,80-7612890,,1577,09.07.2023,294941,bankcard
70-9549967,37-2040093,25-0188898,7655,,567069,jcb
99-3740336,68-9601073,,8531,30.11.2022,37505,jcb
57-6793669,86-3735956,39-9965195,4004,15.05.2023,522920,
09-2837547,02-0131488,65-1778573,,30.03.2023,210143,diners-club-enroute
51-8299129,26-7529564,37-5534365,9509,26.11.2022,25109,jcb
88-0725504,93-0675260,93-6179235,8188,29.01.2023,360891,bankcard
29-6915943,94-2603300,04-5563503,4093,11.10.2023,271332,jcb
18-8226566,10-3698819,67-1632731,2052,,464175,
81-0322950,91-8484230,43-4963961,6458,22.08.2023,242808,americanexpress
21-5907538,82-3911569,18-7945113,3157,07.04.2023,377064,
01-3943610,37-9801340,44-9093385,9916,28.08.2023,529885,jcb
61-0080758,24-0097977,,2670,01.03.2023,472594,instapayment
60-7084004,59-3574668,61-0561316,,17.02.2023,491012,
12-2239260,90-4069211,50-9334390,8600,15.05.2023,324783,americanexpress
72-1263781,80-3302118,58-8191918,6846,20.07.2023,38006,diners-club-us-ca
83-9944712,63-1106029,50-7954081,8468,08.05.2023,390623,jcb
33-0772960,75-6507813,26-7160742,3666,20.03.2023,35670,jcb
73-9020852,71-1720528,77-7254565,,07.07.2023,254686,solo
07-8329570,60-6895418,43-9461607,431,26.03.2023,376467,mastercard
51-4179342,60-1453729,,8052,24.01.2023,131469,diners-club-international
94-7708902,28-1598784,22-6909184,5542,10.10.2023,222504,
08-3817059,26-5743773,41-2454970,9436,10.11.2023,26748,jcb
73-2393525,54-4697734,,1464,25.03.2023,206211,jcb
22-8692549,86-8845440,08-4250344,733,24.12.2022,243740,jcb
55-5329697,45-9993995,89-7611492,9478,17.09.2023,154224,jcb
49-7410044,85-4316388,37-2649500,4457,27.04.2023,6339,china-unionpay
59-3527089,68-7795858,11-6033193,1531,30.09.2023,523928,switch
49-2326683,50-1954725,25-2110071,1485,30.04.2023,528,diners-club-international
31-0107701,25-6039240,26-6189255,4883,11.06.2023,172840,switch
22-1189006,81-0732522,83-6540813,4636,21.10.2023,440971,jcb
31-4837176,74-5686405,,9011,22.12.2022,6719,jcb
37-6731395,33-8795087,45-9222221,,02.01.2023,229853,
82-7779901,61-8505110,24-4997421,7540,12.12.2022,339975,switch
68-5162971,17-0299438,46-8262903,8067,04.06.2023,198482,
64-0268400,97-6872601,44-7422256,904,09.02.2023,197849,
72-5024688,82-6037155,28-3309864,705,26.10.2023,322270,jcb
06-7542485,60-4899046,54-6550713,864,,266386,
38-2959958,22-9250476,87-7361213,672,,237608,diners-club-carte-blanche
06-8539772,51-8130569,79-2511600,682,09.02.2023,353741,diners-club-us-ca
52-1947441,72-7080695,76-4571234,9910,30.12.2022,241987,solo
32-9282661,58-2237171,33-6600910,9538,19.12.2022,241881,americanexpress
88-0281356,27-0355302,92-6455071,8943,09.04.2023,139407,
38-9385674,07-1390263,63-0909399,4657,21.04.2023,90713,
52-5004814,54-9164956,59-5029963,1279,29.01.2023,95236,visa-electron
75-2330153,91-4340045,08-2347689,4966,05.09.2023,232567,jcb
99-5249897,69-4098290,14-3431594,7452,,596692,
52-3406672,75-7662666,27-6761296,6017,15.10.2023,224778,
55-3826699,91-6184621,33-9363075,7631,,282025,
38-1954778,25-3753234,,8998,,434997,china-unionpay
31-6593739,91-8744223,93-2324237,7254,15.08.2023,356113,
31-5046646,36-7521633,59-1523662,9072,05.11.2023,238436,maestro
21-0232609,05-3269599,52-8309870,7250,15.08.2023,444030,diners-club-carte-blanche
39-4204353,12-7219215,97-8712993,8851,31.03.2023,430844,maestro
93-6907323,23-6901662,91-2632540,8524,10.04.2023,233849,
59-5150514,90-7528223,64-5373523,1871,04.03.2023,193625,jcb
23-9313633,93-3752436,,7347,09.03.2023,23947,
88-2775040,30-0326927,58-9855556,5100,02.05.2023,188295,visa
00-2736746,11-6213537,38-8713567,9078,08.05.2023,396960,
94-3041515,13-4282312,80-8780967,1724,09.11.2023,394424,
24-0979002,14-4791384,03-2079252,9572,10.02.2023,10255,
26-1192882,94-3394892,06-7065719,8419,,88200,maestro
61-8583734,18-7544209,10-8154470,8477,27.07.2023,88972,jcb
46-2727146,46-5594399,,8556,02.08.2023,97948,
71-0368662,23-3814842,48-1800722,290,10.08.2023,490675,americanexpress
30-0090987,77-5679620,50-0607823,3828,03.03.2023,314008,jcb
79-2186726,95-4686976,05-9880540,,04.02.2023,359372,jcb
55-8930669,56-5922707,07-4880076,4315,03.10.2023,51808,laser
21-3860995,73-0946992,,877,18.10.2023,493172,visa-electron
18-1179746,25-0370248,56-7489657,3245,22.04.2023,561489,americanexpress
03-2088273,88-2716279,30-6683390,6013,23.08.2023,466152,
63-5612534,22-4183320,47-0168605,2509,03.06.2023,384112,
93-1777455,99-7517823,05-1262896,,23.07.2023,202346,
24-8036222,46-4771866,,6320,15.09.2023,399465,
52-8891952,28-2911237,85-8224607,3141,,546469,
15-7818002,07-1003636,09-3787917,5077,25.08.2023,356765,mastercard
73-7700919,03-5390532,18-2649493,936,26.05.2023,149122,diners-club-carte-blanche
55-5937798,04-6843516,,1631,08.04.2023,279897,visa
11-2185480,92-6901093,85-7746618,8867,19.10.2023,427038,mastercard
57-1888150,22-4807691,79-6472438,1508,09.10.2023,35761,maestro
25-6173075,78-4468080,04-6152135,198,23.02.2023,125760,maestro
59-0607716,53-3644386,01-9689180,4273,09.07.2023,341242,mastercard
43-2610342,54-7834273,00-4422004,7802,17.01.2023,138936,diners-club-us-ca
64-7481662,35-8776336,23-5699147,2738,11.05.2023,451730,jcb
86-1450120,18-9822496,72-7826949,7915,21.02.2023,583154,jcb
73-1974643,88-0994631,77-7508661,1505,05.03.2023,35012,jcb
68-0432923,91-2766620,75-1680801,4608,,521379,mastercard
58-6139127,13-3904500,13-7485881,728,26.07.2023,228948,jcb
63-2020622,15-6276156,22-1115952,,23.11.2022,184711,
21-7383385,68-3174153,36-5217469,7452,11.05.2023,515465,jcb
77-7194267,17-6192943,14-0565821,,29.06.2023,213259,
15-7768156,37-1784504,74-3978030,984,06.10.2023,65834,laser
66-4467862,07-4363270,65-8113385,9403,09.03.2023,310181,americanexpress
87-4101255,60-2331491,15-5208836,500,07.03.2023,343596,jcb
42-6183451,80-5989770,26-9137228,8254,28.11.2022,44253,switch
55-2495618,39-3087365,29-0355415,2895,19.08.2023,41343,diners-club-carte-blanche
42-5160372,82-4799452,,6767,,262303,switch
06-6624391,03-3937479,47-4043759,3539,20.08.2023,431190,jcb
88-1122586,36-7796937,92-5431184,3915,14.07.2023,598048,jcb
60-9445936,04-0356486,02-7019092,9287,09.01.2023,17417,instapayment
66-1544369,73-6325207,38-5320070,6060,03.10.2023,225542,jcb
80-9443792,76-7551721,27-3041673,2895,05.12.2022,277960,mastercard
56-7145874,66-1646341,,,19.04.2023,21730,
70-0838911,93-0239383,26-3388138,630,14.11.2023,513213,jcb
52-1853054,73-7032560,52-6422333,2475,25.07.2023,365987,
21-1158160,89-4841343,66-2130404,8358,22.01.2023,23870,
44-2485100,22-6404678,66-5112083,4923,20.10.2023,146950,jcb
98-2213005,47-3175412,26-2688707,6644,,310314,
38-7993998,19-9131889,,3798,21.11.2022,589742,jcb
25-4295885,56-6296429,53-4610660,6952,19.08.2023,466978,
72-8639105,15-6416893,06-7555570,3472,,462447,visa-electron
92-1460552,38-6190693,37-8712400,9522,29.01.2023,141872,bankcard
19-8940527,96-7578465,,,28.05.2023,81146,diners-club-international
84-6454272,64-9159488,51-5028473,3069,22.03.2023,197925,diners-club-international
02-9678676,79-1349768,64-8259728,8780,11.04.2023,145085,
35-7321889,27-8657696,13-4047271,9378,11.10.2023,91245,jcb
71-2021315,05-1708627,27-9769309,,31.03.2023,138835,instapayment
65-3582570,84-5681372,,8185,13.09.2023,205582,jcb
97-8395822,72-6448982,13-3300699,,16.07.2023,327801,
36-1136088,48-5456231,71-8845850,1189,06.12.2022,93695,bankcard
56-9609417,16-8600398,21-6274807,4734,13.12.2022,396868,solo
46-9225268,64-4908447,,454,25.08.2023,378699,jcb
20-6085411,83-2391372,44-1474592,981,,352107,diners-club-international
14-1244073,17-1709750,,,26.05.2023,3910,diners-club-enroute
88-9276613,48-5655318,64-5833058,7424,11.07.2023,181587,americanexpress
60-4188464,48-7267534,,7191,02.05.2023,562801,china-unionpay
26-9537593,74-7073442,82-5484309,831,17.02.2023,252544,jcb
61-0607468,33-7471023,,6600,20.05.2023,126863,jcb
99-0067851,71-7801230,40-2002940,4310,23.11.2022,324255,jcb
35-1795591,50-3846422,07-2705863,83,22.08.2023,102937,jcb
87-6471428,07-6745723,81-5737001,5864,13.09.2023,392830,jcb
85-2564088,02-4540749,49-4442573,7337,01.01.2023,373388,maestro
32-2969289,45-1861568,40-1070044,964,28.08.2023,293404,
38-6442526,82-9290550,84-9053189,6206,07.08.2023,302150,diners-club-us-ca
04-8138562,12-4997984,69-6910834,,06.04.2023,37921,americanexpress
21-1842890,83-7482544,60-6250316,208,05.11.2023,87264,
01-7146959,46-6689502,,7034,,368629,china-unionpay
11-1324984,52-5477315,,8970,17.04.2023,42290,jcb
10-5421121,86-7161067,,4395,13.12.2022,337097,visa-electron
43-8291679,35-4028597,70-5017442,191,23.04.2023,594950,
72-4438883,58-5960658,83-4576901,9660,,450235,china-unionpay
80-6305301,66-6872104,66-8246347,2669,,148153,bankcard
78-3268468,60-7537890,51-6706198,6784,,576835,jcb
59-5751355,18-4898456,15-5303883,9656,06.07.2023,203639,jcb
42-9781754,56-5686998,67-9089941,6564,,209663,
70-2079657,68-1703983,66-2813859,,06.08.2023,382991,mastercard
34-7818392,15-6199573,79-7897107,6125,09.08.2023,107804,jcb
66-4841378,02-6873556,38-1241370,1383,09.03.2023,597566,diners-club-us-ca
47-3915609,55-8026408,57-2850504,1911,31.03.2023,420904,diners-club-international
59-2035086,78-4075683,08-5936325,2532,27.01.2023,185032,switch
34-1766730,56-3792340,20-5721412,7561,16.07.2023,595436,jcb
23-8365658,18-0504723,74-1719994,8778,29.05.2023,210676,diners-club-enroute
55-7491420,35-6398471,53-7742537,1715,01.01.2023,383904,visa-electron
68-5312555,89-3407392,91-9169284,9340,03.10.2023,236420,
35-4320681,15-4314362,34-5462752,3651,25.07.2023,43790,jcb
88-4048684,84-5541743,60-7010283,7069,18.11.2023,140375,jcb
73-7132206,90-5908728,50-5987942,3192,08.07.2023,17907,jcb
62-5117802,10-6002169,17-9913826,7010,09.11.2023,393908,jcb
79-3326069,73-8954630,75-0563463,5017,02.06.2023,579300,jcb
03-0240934,81-3785259,93-1483822,8899,04.08.2023,540503,switch
54-8859193,54-6408709,35-0653654,1251,09.11.2023,529336,jcb
19-9782325,75-2270724,17-0968996,2968,09.10.2023,83799,
48-3554186,57-1081069,23-1384452,8698,25.04.2023,388714,visa-electron
03-2172423,13-0943541,66-7458660,9203,12.05.2023,248315,
14-2384672,36-9240696,35-2965416,5422,16.06.2023,70292,switch
16-9341078,53-1350821,45-8611209,9133,28.01.2023,391535,
72-2549746,02-7917590,,3989,28.03.2023,271729,americanexpress
81-5204383,47-5282174,53-1464229,7318,02.03.2023,248940,jcb
06-4398345,52-2756741,13-9103897,9696,01.05.2023,137768,laser
27-1939681,25-5132308,99-8993141,4930,,434718,jcb
27-6294387,09-0976771,72-8443902,6703,30.08.2023,296774,jcb
53-3573509,95-5855140,60-7512279,9041,10.10.2023,459947,jcb
39-4260774,76-9164421,66-0307576,8136,03.09.2023,155079,jcb
87-4321589,73-3697727,,9607,23.02.2023,199191,maestro
13-5905831,71-7560654,,1380,,191033,switch
83-7205348,50-8961672,05-8693783,5446,,36522,jcb
47-2211799,90-4833948,,571,21.12.2022,162510,jcb
61-6894261,25-2309071,56-9116718,6340,28.05.2023,357728,
52-6090618,01-4189287,,60,28.05.2023,282590,
54-7337926,72-2849309,17-8801899,8331,26.09.2023,360946,mastercard
39-6552453,86-1057782,89-3334073,5994,29.12.2022,246750,jcb
80-7587128,30-4445295,,4087,18.08.2023,389628,jcb
37-4758104,95-5393904,62-2778045,8659,16.03.2023,96454,jcb
50-0663727,45-8873383,09-1225603,5313,19.01.2023,20706,jcb
96-6095922,98-9923770,76-2270747,2647,28.08.2023,42853,jcb
93-7858918,68-2882037,86-0053307,8628,,190148,switch
75-9837761,91-8601768,03-8047599,2444,22.06.2023,487699,laser
44-6650416,27-3821771,57-3838139,3274,04.06.2023,512890,
83-9952501,31-2477978,15-2788943,,21.03.2023,24515,
54-2959219,98-5894993,70-3596026,7826,03.09.2023,143373,diners-club-carte-blanche
25-7820786,25-1770387,02-0831619,,23.09.2023,482223,jcb
66-6264420,01-0441311,,833,23.12.2022,106323,
21-7758017,96-4971074,79-2904495,643,25.01.2023,584480,maestro
79-7821139,45-2338514,50-8577032,3831,01.04.2023,578290,
43-1990218,39-9581673,72-9289306,3498,27.09.2023,249969,jcb
60-7244258,37-2200423,79-8253747,1854,22.04.2023,59577,
33-3860650,63-7162529,84-8175872,8393,09.09.2023,367720,visa-electron
26-0738630,84-4276486,56-0546575,3311,23.08.2023,530863,
85-6702255,10-9547555,61-9845006,7811,07.05.2023,194218,mastercard
31-7043650,03-8520193,16-4080011,6479,19.02.2023,495774,
77-2992828,31-0445425,,9911,22.11.2022,245750,china-unionpay
67-4237253,07-2524366,95-6051463,350,,585092,
12-4905293,11-1837639,67-2974750,5279,24.02.2023,96750,
57-4618145,85-0809096,79-6187551,9714,19.01.2023,507904,
73-7615021,14-5881220,70-4619411,5777,,558930,maestro
77-7275211,27-6760931,02-7837898,7073,,282521,jcb
50-7819550,24-4883191,78-3592118,5463,08.05.2023,402519,
62-4892872,94-8161517,00-9567177,1676,01.05.2023,195817,jcb
20-2741939,92-7962197,76-5993625,2665,17.06.2023,452335,mastercard
61-0275828,09-1945378,18-1772461,3421,08.10.2023,413731,switch
81-4743812,53-0148021,85-5574039,8017,08.02.2023,198249,jcb
51-6084383,14-3728559,81-8957734,8504,06.12.2022,592552,jcb
78-9610824,61-1146801,19-9920856,,12.01.2023,469794,maestro
49-0680674,49-7886213,55-1323535,5213,,384886,maestro
44-5557771,36-6890221,38-9148780,5636,,122538,jcb
35-8890306,69-4444383,,6827,10.10.2023,587348,china-unionpay
03-8910242,47-7280043,23-2736690,6445,05.03.2023,128989,visa-electron
47-1107600,80-3759453,02-1204330,7832,01.02.2023,31050,jcb
27-4103073,04-6819545,48-6757845,221,05.04.2023,246699,jcb
60-4286575,84-8571989,41-5724462,,02.10.2023,218797,jcb
52-4667953,74-9260397,,6623,28.04.2023,187852,
88-7412128,76-6404864,50-5683792,7087,29.08.2023,493688,jcb
23-3040072,30-9190153,53-7081877,,28.01.2023,337101,visa-electron
90-7861728,58-3505631,87-7638147,80,30.11.2022,197234,diners-club-international
12-2460777,10-8471629,84-0882504,7790,25.02.2023,424184,
54-3798060,42-2631091,28-2570862,2967,,530417,
40-3416688,57-5780882,37-2525090,3188,13.09.2023,551675,mastercard
70-3498248,82-6068188,14-0195395,6705,06.07.2023,16106,maestro
45-3795470,87-6583717,95-3319391,3117,14.11.2023,127244,
05-8754309,68-3459825,33-7940701,4192,09.05.2023,443117,
99-9411027,96-6328671,77-8410314,2066,20.03.2023,34078,laser
90-6180836,76-9368074,43-4097157,1392,31.08.2023,444838,jcb
14-2830423,21-8633992,81-3109824,4560,05.02.2023,277026,visa
94-1707934,99-6403714,52-2511031,267,31.12.2022,9830,maestro
94-4876630,24-9614796,59-7756756,9259,23.07.2023,533559,visa-electron
53-2613655,43-7213786,11-0679998,6080,10.06.2023,585452,
89-5459497,71-1762340,17-4362094,4244,02.06.2023,501006,switch
11-4908031,34-9565117,66-1012114,,23.11.2022,143905,
27-5804752,96-7861886,39-3719087,,24.12.2022,177145,
90-3972818,36-4731859,92-8818158,,15.06.2023,388842,visa
21-4784126,57-7064707,48-4077724,4081,,262371,maestro
46-5326973,41-5548947,54-3053283,6764,19.02.2023,100961,jcb
21-4185186,47-1203695,17-2932102,,21.12.2022,247083,jcb
61-9673094,15-9865015,99-9711273,8543,26.12.2022,4994,diners-club-us-ca
76-9055206,35-4010392,35-7933849,5836,20.12.2022,112353,jcb
14-6928411,99-0390944,90-7051492,8800,06.04.2023,167328,laser
80-6192004,41-7497718,06-5954211,,27.10.2023,525527,diners-club-enroute
05-3342148,74-3256984,88-8848094,1005,11.11.2023,397985,
13-9255226,23-0776134,62-8509685,2143,02.06.2023,96029,jcb
35-7929241,84-5156952,,7379,05.01.2023,303776,
86-4814830,47-5136579,20-5820719,4033,25.12.2022,299063,
45-4959018,15-3200156,95-6251837,9772,05.12.2022,433811,diners-club-enroute
37-3503153,64-1562488,,3615,26.05.2023,310002,
30-5470811,52-7443560,59-9284546,7000,14.02.2023,84624,visa-electron
13-4681411,92-1539997,94-6771391,3615,06.07.2023,344878,
64-7965317,01-4781728,09-9704892,2154,28.05.2023,462965,laser
48-0683891,42-4386552,69-7664525,4343,,264827,maestro
37-9468972,38-9630740,46-6027681,5996,08.08.2023,476359,
47-6712461,98-0741169,74-6931396,3353,14.08.2023,128990,laser
39-8842104,42-9746969,31-1755946,2051,23.01.2023,23998,diners-club-carte-blanche
59-7526981,32-7287583,45-3102443,9809,,64682,
56-8704381,56-0478378,87-7424819,9770,12.01.2023,509481,
12-4578779,09-3668570,29-0478906,2558,14.03.2023,144476,jcb
40-4193409,07-7374839,51-8657888,8443,15.06.2023,19629,solo
90-9104211,36-7240148,,8579,30.08.2023,500876,mastercard
15-3065059,62-2249963,65-7619219,6375,25.03.2023,137488,
12-6043256,61-2318739,87-0679636,7884,02.01.2023,149957,maestro
72-4487803,35-4179709,68-4075273,3545,23.12.2022,355185,visa
50-0289504,46-3288905,80-6590427,1191,12.05.2023,524683,jcb
54-3248624,93-4335503,61-4974928,8373,20.12.2022,162220,mastercard
08-4660929,08-4498733,16-1004794,93,13.04.2023,492552,jcb
41-3414755,40-9565162,54-9390473,,12.04.2023,161193,jcb
49-4566205,28-2299927,50-5784044,,06.07.2023,350117,
84-2203558,39-8918468,51-3232317,,29.11.2022,7051,mastercard
38-8396154,96-1526323,71-3230048,8024,04.04.2023,585533,jcb
10-1600100,46-0165573,39-2177908,398,19.01.2023,28561,
13-1218887,25-3169096,,,22.06.2023,21604,china-unionpay
10-7166605,25-9966942,31-6038079,828,04.06.2023,571413,
01-4383349,04-4042947,65-2223150,838,18.07.2023,118130,mastercard
81-9827039,51-3478512,17-4015176,2020,05.10.2023,337078,solo
31-6731884,46-0384118,40-9739828,6005,12.10.2023,18414,diners-club-us-ca
66-9835329,55-0000485,16-9982901,,17.07.2023,233338,switch
78-0882066,62-8006258,55-3957592,6975,14.01.2023,208477,jcb
98-5574072,34-5067462,,2934,08.04.2023,395949,diners-club-us-ca
37-5481599,92-0398847,66-4291078,6372,21.04.2023,483114,maestro
09-8513634,39-2754341,60-4675145,1506,25.08.2023,76317,visa
70-6883083,25-4053210,65-8434599,2065,02.07.2023,356090,solo
95-7127969,14-6026197,06-2196549,6260,12.12.2022,554389,jcb
31-0583047,75-5516393,99-5364612,2105,,226028,diners-club-enroute
84-1904069,48-9365067,99-8750306,,22.02.2023,282904,jcb
12-6114568,83-1472544,52-5285816,9643,07.03.2023,301619,jcb
29-4702702,44-1035945,69-1744533,7054,15.03.2023,208070,jcb
93-5655909,68-3924831,36-9451309,5390,11.02.2023,423670,jcb
69-4568134,40-1556617,43-6062067,1216,16.12.2022,592407,jcb
89-6891341,36-9962026,,4163,27.08.2023,334049,
83-8278777,85-3424797,04-7971818,430,06.11.2023,318217,switch
95-7061033,62-3182975,97-0091323,3832,30.04.2023,395464,jcb
25-8765162,50-3256530,71-9876013,3644,13.11.2023,206046,jcb
20-5762123,17-3957706,82-0922035,8107,12.10.2023,39018,laser
03-2040678,24-4621170,56-9344187,6515,14.11.2023,509584,
92-3403045,53-6187386,04-9219856,561,,61428,jcb
23-2452867,56-8474577,76-9870935,9786,08.06.2023,223694,visa-electron
37-3167328,21-9579763,93-8230370,1320,16.05.2023,8503,
45-9577780,43-2702045,39-5286294,3523,01.05.2023,447201,
45-9822198,39-9996059,34-4991598,8037,10.03.2023,181943,
39-7730043,83-3330088,62-3660011,6464,10.09.2023,362811,diners-club-carte-blanche
90-3203484,15-4643890,61-9251919,1172,07.10.2023,353890,mastercard
40-2747537,47-6251269,49-8200521,6910,31.01.2023,159193,instapayment
28-3992137,86-3120505,16-5652489,,23.01.2023,240901,
23-4239393,68-3312281,92-4855766,240,20.08.2023,497520,jcb
94-5811757,43-8703487,08-4710734,693,25.02.2023,538085,jcb
54-8788650,91-4810942,96-4242011,5102,30.03.2023,246948,jcb
19-2549479,18-0156175,57-4436550,5995,21.11.2022,147580,diners-club-carte-blanche
16-5371998,52-9293308,,5266,04.05.2023,536803,
86-9628137,24-0426779,98-1220699,9947,30.06.2023,311872,jcb
64-3178883,72-9866359,52-3432661,809,16.12.2022,412126,jcb
40-9887690,58-9678654,02-5360780,4252,23.10.2023,110860,mastercard
47-7932244,16-7597215,,4085,25.06.2023,407086,jcb
82-4061149,55-3775285,64-4363968,7440,19.12.2022,214387,jcb
42-1609287,47-7124494,56-3851392,,26.07.2023,84280,diners-club-enroute
16-2907626,40-4397488,92-5069690,6219,29.10.2023,12331,jcb
03-4948575,62-4495316,05-8467232,3517,15.09.2023,436569,
52-6255451,67-3621487,18-5312632,1015,01.04.2023,281153,switch
75-2762491,78-1638411,09-7622209,7524,30.04.2023,295250,switch
70-7066282,74-5913409,64-6470936,6660,03.05.2023,581947,solo
10-0102899,98-3070787,12-0509066,2307,,189119,mastercard
26-4269154,08-1444774,94-6564228,9632,19.06.2023,56656,
81-2094891,90-5917105,63-6578095,8782,19.03.2023,263341,china-unionpay
07-9359640,16-9551642,96-3822617,3343,,77141,jcb
99-8891151,64-5127644,29-7000378,2278,09.05.2023,337126,jcb
67-0907291,62-6770551,,3512,,550216,
71-9861971,70-2231266,17-5471663,5987,06.09.2023,327945,china-unionpay
88-0896823,42-3328924,81-9061744,1180,01.03.2023,321016,diners-club-enroute
23-1775896,87-6519714,65-9930508,6944,09.10.2023,519642,
15-0748614,75-7779664,35-4188355,,01.07.2023,246042,maestro
83-2727399,27-2886026,38-3268628,2732,18.04.2023,433722,maestro
66-0772713,15-6205804,10-1954910,479,07.05.2023,555589,
32-4895414,18-8408146,91-3986008,5874,25.05.2023,180105,
20-7999381,68-2362963,89-5175250,801,16.04.2023,252371,jcb
92-0927965,78-9606712,38-1076102,5425,10.08.2023,25947,mastercard
63-0469380,23-4015927,08-8177633,1863,,9455,jcb
47-3643920,93-8427396,09-3486145,,23.12.2022,525193,jcb
85-5257789,98-0765333,33-3332901,6311,28.06.2023,591460,jcb
70-4948967,26-2402583,15-8769711,3928,21.03.2023,418147,jcb
79-2784263,51-1757274,60-0957518,,11.11.2023,554900,
64-5571295,87-9073080,78-0842993,6067,14.03.2023,300573,jcb
68-5653439,09-4646610,51-3621025,5592,17.04.2023,389522,
98-9023055,60-5602688,,2490,21.03.2023,474245,jcb
24-0885332,79-7605153,83-3898013,6434,07.12.2022,288082,jcb
71-8615118,80-9035967,90-3121048,5582,26.08.2023,395343,diners-club-enroute
54-4624439,95-0328409,87-7739735,,,446678,
51-2820375,59-2615127,74-2049331,315,04.10.2023,358887,
09-3754199,34-2671366,49-5511905,7589,,314542,jcb
02-2957152,38-0812431,94-0495231,519,11.09.2023,499870,
37-9798798,44-8629296,33-8603668,2456,18.05.2023,114973,jcb
41-2179975,77-8401784,74-4421283,3775,17.11.2023,15741,diners-club-enroute
46-1754080,96-1589925,47-8506565,6327,,85744,mastercard
45-2658441,84-3439951,42-2984984,7779,23.12.2022,175890,maestro
41-6627848,81-2545596,05-2715531,9790,08.10.2023,110341,jcb
70-8472203,11-5350843,46-1555655,5088,09.04.2023,87770,
56-6087952,87-4385210,12-9001120,1663,14.06.2023,4175,
54-2074669,30-7020293,56-4798534,7663,15.02.2023,211644,
87-7347888,49-3627337,,4149,29.12.2022,418257,visa
28-7048315,75-5338931,,517,25.01.2023,367566,jcb
09-2644227,67-6009775,89-4868154,9705,14.03.2023,379311,maestro
24-6648500,52-5775511,91-7276070,2281,,450342,diners-club-carte-blanche
91-0397432,40-7816426,39-5041046,5917,13.08.2023,161308,jcb
34-2040296,79-6520566,70-1260621,5767,18.11.2023,420546,
82-7312288,36-9128688,12-9516662,6745,,501683,jcb
49-7196728,41-2993012,13-0579060,6910,27.12.2022,33132,maestro
90-6104488,62-6537737,74-0664110,,02.10.2023,270258,maestro
46-8833152,07-3922146,,2131,03.07.2023,150653,
02-7014000,09-3339182,57-2395898,5932,05.10.2023,302306,mastercard
98-7503951,49-3501744,48-0818806,8874,27.02.2023,561713,
48-1991082,78-7426509,,,08.05.2023,406464,bankcard
19-3708494,09-7730077,51-5571040,1497,22.07.2023,409254,china-unionpay
31-1706025,14-3727000,64-5859672,7813,27.02.2023,280096,jcb
55-2587535,10-0828171,55-7241960,,31.07.2023,530861,jcb
73-7301637,53-4573140,87-4633646,4670,16.10.2023,294480,diners-club-carte-blanche
10-0480382,37-5771843,67-9842926,1579,06.11.2023,488912,jcb
93-1675513,33-6952170,43-0162979,5720,,175124,jcb
13-1500721,20-8977284,86-6099501,2189,03.11.2023,250743,maestro
80-8976072,88-3401377,19-3472456,124,22.10.2023,252901,visa-electron
65-7352294,05-9337530,08-3827087,2017,28.01.2023,249124,jcb
31-3566885,29-9600457,96-9066565,8714,17.10.2023,177793,
06-1353655,06-5139368,93-4329691,6216,26.08.2023,264915,jcb
43-3100114,30-5590363,83-7949334,8957,,575713,jcb
86-9007280,38-6351338,84-5573909,7752,,167235,jcb
47-8704254,92-4021101,75-1331366,6285,02.04.2023,42731,
05-0935420,33-1531463,92-7438229,985,19.06.2023,244218,diners-club-enroute
66-2201128,19-4955883,92-0536521,,28.08.2023,547837,jcb
18-4431260,92-5635097,56-9812272,3265,,355141,diners-club-carte-blanche
77-8558130,55-9571951,62-5339343,4260,17.10.2023,386413,mastercard
02-4606427,28-3088573,61-3554267,7413,,475567,visa-electron
46-7329514,71-9659412,31-6643779,,05.04.2023,586725,
81-2389718,24-3101371,55-5675916,7684,22.07.2023,372779,maestro
68-6272141,87-2219761,63-7333592,6125,21.05.2023,181900,switch
62-4929786,79-6964434,12-8016036,5098,14.07.2023,340911,switch
35-2158667,73-4896562,75-7416841,8755,26.07.2023,206689,china-unionpay
83-0282152,06-0845859,55-7729727,9399,,1173,
20-8966941,40-0038090,21-8760387,8195,12.09.2023,477960,jcb
83-1649017,98-7165057,55-3501800,2501,10.02.2023,414450,diners-club-carte-blanche
34-6627428,19-9868393,45-3553428,,10.11.2023,505874,
61-8961040,83-3220096,15-8849454,6796,25.04.2023,301450,jcb
30-1715019,35-2546727,35-9927198,9177,,586613,jcb
97-5009041,59-3950606,63-8144371,2586,,415634,
01-8506728,74-3398645,,2605,02.04.2023,89155,
33-8484234,60-5702206,00-8955828,6570,11.06.2023,395804,diners-club-enroute
35-5616227,92-6237007,02-0272133,3269,03.11.2023,246762,
19-4487844,65-6641102,29-9219465,,07.10.2023,208274,
73-7158142,83-4004434,41-9475481,1370,20.12.2022,357147,jcb
91-1830171,61-7039032,,5870,22.05.2023,469795,
19-2921528,21-9733711,60-1894048,4216,13.07.2023,523643,china-unionpay
69-4793634,33-3877167,31-4752244,9359,07.04.2023,508962,
21-0839639,48-3773504,77-1972645,9971,11.03.2023,327588,americanexpress
57-3326290,21-1446078,78-5692689,2974,06.04.2023,367543,diners-club-enroute
45-2631886,27-2144066,23-6399971,1957,02.01.2023,261179,mastercard
04-9685325,27-4511765,80-5695760,6569,19.11.2023,524493,jcb
84-3023345,45-6626210,39-7269414,6554,28.11.2022,125469,
83-3882996,72-0262572,43-4056891,673,,102222,switch
08-6101625,03-4395372,43-5910696,4742,10.10.2023,237943,maestro
75-0103448,72-2954959,34-3808305,9931,10.10.2023,48878,mastercard
95-4891984,82-9621054,53-5347219,9410,05.01.2023,137104,
08-1896621,11-5564849,,9889,21.11.2022,115473,jcb
00-0226391,69-9497860,60-1000432,4681,19.12.2022,184790,
32-0540790,04-0837588,52-6037342,,13.11.2023,344545,
18-4543995,46-1157745,15-4015045,2810,30.11.2022,35048,diners-club-enroute
53-8578393,85-7805087,46-4201824,127,21.09.2023,132145,maestro
28-0368216,59-1185585,,,10.06.2023,153344,jcb
19-6566776,48-0186542,99-8744602,7725,04.11.2023,126922,americanexpress
34-5432532,75-9927939,40-8196289,5418,01.11.2023,231479,jcb
39-1436219,80-2135176,83-6623465,,07.08.2023,460026,solo
79-0447237,17-5216667,84-5166061,1447,23.07.2023,140235,jcb
96-6957837,43-4321497,64-7044928,5010,,107660,mastercard
06-4911138,13-1314247,57-2600092,,25.02.2023,575956,jcb
31-0220714,82-9119153,72-4241686,6035,29.04.2023,293980,
24-9838707,39-9332634,11-0825981,728,06.06.2023,289006,mastercard
94-2933163,44-7203676,90-0824753,606,20.01.2023,188927,jcb
73-3038659,75-1150384,69-8539974,9314,15.01.2023,40067,maestro
66-5860984,71-4298001,55-8071443,1240,14.09.2023,509764,
72-8086994,43-0474658,98-6324821,7971,11.05.2023,51057,jcb
13-1329157,50-1626573,,4348,13.11.2023,419640,jcb
88-6865758,88-8135964,17-9461012,9962,23.01.2023,1312,jcb
04-3287363,88-3114549,19-3860523,7349,04.09.2023,431431,china-unionpay
06-8190016,43-7099027,36-0923368,6155,,289473,
54-3489274,00-8254353,34-8540914,7498,,47864,
30-4499724,93-5885871,07-3399157,6729,24.11.2022,266238,
76-9064451,31-1340840,,4837,09.09.2023,17636,diners-club-enroute
