transaction_id,customer_id,product_id_x,quantity,transaction_date,product_id_y,product_name,last_restock_date,product_quantity,unit_price,supplier
13-7427019,87-2919006,46-2732354,3952.0,10.06.2023,46-2732354,Onions - Spanish,31.01.2023,5905.0,4220.3,Fleurette Fernier
65-2968490,56-9876147,07-4959214,318.0,15.02.2023,07-4959214,Scotch - Queen Anne,18.12.2022,2021.0,3464.97,Clio Le Grove
93-7941794,73-2941955,69-8808573,6494.0,27.01.2023,69-8808573,Wine - Pinot Noir Latour,28.06.2023,7634.0,1955.62,Elmer Bea
59-6523445,42-9271721,33-1257533,1821.0,14.01.2023,33-1257533,"Gingerale - Schweppes, 355 Ml",24.08.2023,6522.0,1663.12,Trudy Landy
98-9652722,75-4953322,56-9365892,6566.0,13.02.2023,56-9365892,Hinge W Undercut,14.04.2023,2700.0,3761.92,Rafaelita Fippe
83-3283734,83-5565966,41-4272436,2772.0,24.07.2023,41-4272436,"Soup - Knorr, Country Bean",11.06.2023,4881.0,2164.73,Shirlee Kirgan
32-9148620,18-5267292,63-4506244,3538.0,17.05.2023,63-4506244,Mushrooms - Honey,28.03.2023,9967.0,185.28,Darren Marrion
09-6154709,47-3111844,14-8113708,1054.0,10.02.2023,14-8113708,Pails With Lids,03.02.2023,1786.0,3123.26,Dodie Clere
00-5672227,54-4180693,67-8605069,2206.0,18.10.2023,67-8605069,Muffin - Zero Transfat,29.06.2023,4951.0,3609.21,Jecho Marousek
68-1462722,37-9310844,24-9091856,891.0,26.02.2023,24-9091856,"Salmon - Smoked, Sliced",22.07.2023,3357.0,4476.35,Bob Janks
12-7992820,36-7264422,80-3972075,3796.0,29.04.2023,80-3972075,Tomatoes - Roma,28.03.2023,4121.0,1676.4,Franchot Pinkerton
17-2909512,58-3166132,54-9539738,3821.0,11.12.2022,54-9539738,Pastry - Chocolate Marble Tea,03.11.2023,5915.0,3774.89,Michelle Early
25-7497283,51-2817674,07-7882623,8659.0,27.07.2023,07-7882623,Cream - 18%,17.12.2022,9483.0,2969.41,Ilysa Nequest
56-4034983,70-7411062,37-5391482,1653.0,18.06.2023,37-5391482,Oil - Olive,28.09.2023,5062.0,2112.04,Bertram Fawke
52-8612058,41-8231958,18-0899742,7544.0,21.06.2023,18-0899742,Venison - Racks Frenched,12.02.2023,8683.0,385.22,Damon Tookey
98-9332778,84-6665855,61-7086227,5179.0,25.01.2023,61-7086227,Buffalo - Short Rib Fresh,25.10.2023,7422.0,2207.64,Cori Fuller
11-7433696,20-6964744,15-4920204,8907.0,11.04.2023,15-4920204,Lamb Rack Frenched Australian,13.04.2023,223.0,3703.15,Christa Heims
47-0267100,48-1823712,22-1084745,6196.0,11.10.2023,22-1084745,"Pork - Back, Long Cut, Boneless",15.09.2023,3481.0,3422.15,Banky Newiss
79-8238561,49-7704560,03-7502449,2022.0,17.05.2023,03-7502449,Bok Choy - Baby,12.07.2023,8904.0,2986.64,Brooks Carbery
48-8598282,61-6178082,86-6678192,3792.0,22.09.2023,86-6678192,"Bread - Rolls, Rye",25.11.2022,2151.0,429.2,Johnnie Cianni
51-6189911,39-2678831,03-6192510,8046.0,21.07.2023,03-6192510,"Soup - Knorr, Veg / Beef",18.09.2023,5466.0,1527.44,Kameko Forshaw
47-0008789,10-2144930,94-6894206,8153.0,06.01.2023,94-6894206,Cactus Pads,22.10.2023,9532.0,147.54,Rafaelia Rubinovici
55-9334373,83-3126875,58-8848934,6150.0,29.06.2023,58-8848934,Strawberries,27.05.2023,1538.0,1355.3,Hugh Balazs
56-4066792,19-3918745,60-2114347,5787.0,20.11.2022,60-2114347,Spice - Onion Powder Granulated,01.04.2023,969.0,1495.64,Ashlee Pardue
40-3225333,49-7207269,59-3857887,9750.0,09.10.2023,59-3857887,Gherkin - Sour,25.09.2023,1024.0,2319.07,Taber Jeannesson
12-5961530,78-4725007,44-2931596,521.0,15.08.2023,44-2931596,Creme De Cacao White,02.04.2023,7895.0,231.07,Conney Iaduccelli
31-4411548,34-3081952,04-5292641,6216.0,10.05.2023,04-5292641,Salt And Pepper Mix - Black,02.06.2023,5318.0,1689.4,Roda Licciardo
90-0850754,30-2756168,48-9540310,4484.0,17.02.2023,48-9540310,Chips Potato All Dressed - 43g,09.02.2023,2937.0,4118.96,Thornton Twinborough
77-8078572,35-8811293,91-7433306,5538.0,14.10.2023,91-7433306,"Chilli Paste, Ginger Garlic",04.10.2023,2603.0,2718.45,Demott Hollindale
80-2131660,74-6330638,66-4336876,8974.0,02.02.2023,66-4336876,Pie Shell - 9,10.01.2023,2864.0,2665.0,Rasla Nardi
78-2261383,94-3904641,38-9163735,8662.0,20.02.2023,38-9163735,Cod - Fillets,23.04.2023,5201.0,2581.74,Adoree Yaakov
48-4814207,03-4292769,08-2002319,2975.0,26.03.2023,08-2002319,Appetizer - Southwestern,17.09.2023,5460.0,1466.57,Simonette Scollick
08-1515015,91-5164482,91-2009960,3771.0,15.11.2023,91-2009960,Syrup - Chocolate,14.12.2022,5823.0,1535.74,Giulio Robecon
93-0358398,87-4931154,04-3960497,7560.0,23.11.2022,04-3960497,Sterno - Chafing Dish Fuel,27.11.2022,1984.0,1225.16,Eugenia Rodda
63-8855355,82-5303152,15-8291991,2969.0,15.09.2023,15-8291991,Papadam,11.02.2023,2490.0,1306.96,Nichole Astell
07-8485412,71-0372743,92-9788723,3809.0,16.10.2023,92-9788723,Tuna - Fresh,19.08.2023,5579.0,823.54,Minetta Latch
46-4745953,06-6916279,29-6717258,8485.0,28.11.2022,29-6717258,Magnotta - Bel Paese White,07.12.2022,8402.0,1392.98,Ode Rodmell
46-4692630,29-1377593,68-5651065,5861.0,10.01.2023,68-5651065,Sour Puss Sour Apple,03.03.2023,9386.0,2215.84,Gilberte Euston
41-2392813,23-9070226,14-6980170,7916.0,02.06.2023,14-6980170,Pork - Liver,10.11.2023,369.0,891.19,Moise Sexti
56-9686387,15-2928387,87-4508805,4002.0,20.10.2023,87-4508805,Ham Black Forest,22.05.2023,8334.0,582.66,Jennilee Vickers
47-6397143,09-6272934,20-6327313,4128.0,16.11.2023,20-6327313,"Wine - White, Gewurtzraminer",09.11.2023,2531.0,4474.54,Justino Shepperd
49-9710387,83-0672419,07-4304705,8579.0,09.09.2023,07-4304705,Nantucket - Carrot Orange,27.11.2022,9077.0,3874.18,Halie MacFadzean
75-9989105,79-6139455,83-9491892,2303.0,12.01.2023,83-9491892,Soup - Chicken And Wild Rice,22.01.2023,9764.0,921.72,Clemmie Odell
04-6292515,40-7650285,04-8183435,3450.0,14.04.2023,04-8183435,"Rum - Dark, Bacardi, Black",25.02.2023,5825.0,2723.27,Florence Youell
87-7773913,83-1790014,46-5223292,7559.0,14.12.2022,46-5223292,"Wine - Red, Mouton Cadet",21.03.2023,3842.0,4250.01,Peadar Thring
39-2892488,05-8699108,06-5762092,9102.0,17.02.2023,06-5762092,Lemon Balm - Fresh,05.07.2023,9655.0,4270.96,Waly MacWhirter
10-5251564,55-0136860,28-5101799,4186.0,24.06.2023,28-5101799,Grenadillo,18.09.2023,9886.0,3542.23,Joletta Rounsefull
53-4759661,89-4319703,72-3465467,9419.0,07.05.2023,72-3465467,V8 - Berry Blend,22.01.2023,2481.0,431.68,Ruth Milthorpe
12-4741778,52-6725560,72-1440567,4676.0,14.03.2023,72-1440567,"Lamb - Whole, Fresh",06.07.2023,9693.0,2443.71,Washington Grzegorczyk
25-5474644,80-8463724,99-0269178,4693.0,19.06.2023,99-0269178,"Chicken - White Meat, No Tender",17.09.2023,4904.0,1383.44,Ebony Kiffin
71-1124379,73-9426860,56-8191617,3947.0,04.11.2023,56-8191617,Papayas,10.01.2023,1911.0,3428.82,Darrell Roskruge
21-4764214,48-6254706,40-1634672,1091.0,17.08.2023,40-1634672,"Mushroom - Chanterelle, Dry",04.10.2023,7314.0,2246.08,Sheilah Skeates
27-7376119,19-4778260,65-2143593,2416.0,19.10.2023,65-2143593,"Cheese - Manchego, Spanish",20.12.2022,8913.0,3103.18,Natty Robard
10-6644145,47-5134780,97-9801329,8279.0,03.10.2023,97-9801329,"Wine - Bourgogne 2002, La",23.08.2023,189.0,3880.37,Corinne Jakeman
72-7370058,78-9174754,78-5795832,6505.0,23.03.2023,78-5795832,Muffin Puck Ww Carrot,04.01.2023,9289.0,2768.94,Astrid Philcock
62-0397650,69-1395318,33-2159547,2927.0,08.07.2023,33-2159547,Milk - Condensed,12.01.2023,3455.0,4486.95,Gates Low
82-6244149,04-8711631,01-5025464,9448.0,07.03.2023,01-5025464,Pastry - Lemon Danish - Mini,25.11.2022,4400.0,1744.24,Gregory Guerrieri
20-3766186,61-1727002,47-6123044,5052.0,06.05.2023,47-6123044,Bandage - Fexible 1x3,06.09.2023,3557.0,2533.52,Royall Cristofalo
62-3182910,02-1949155,76-7732198,7618.0,09.11.2023,76-7732198,Beer - Steamwhistle,26.01.2023,7985.0,1301.33,Abigail Leeuwerink
87-9770201,75-1301514,17-8364047,405.0,02.11.2023,17-8364047,Coffee - Almond Amaretto,10.12.2022,6032.0,1971.49,Della Tythacott
72-9031424,48-7687670,04-3242567,74.0,20.09.2023,04-3242567,Ice Cream - Chocolate,31.10.2023,4608.0,3989.11,Jacynth Milillo
05-5517028,02-6751627,02-8346073,9348.0,13.10.2023,02-8346073,Pepper - Yellow Bell,11.12.2022,1830.0,3668.22,Bobby Roalfe
72-2758611,43-0422224,94-6047579,8788.0,18.04.2023,94-6047579,"Lamb - Shoulder, Boneless",23.06.2023,3689.0,3273.19,Atalanta Gott
16-1220403,83-8240132,89-6877201,3368.0,12.02.2023,89-6877201,Spice - Chili Powder Mexican,11.01.2023,5939.0,3946.37,Caesar Sennett
28-5216784,22-8576250,31-3048214,6136.0,23.11.2022,31-3048214,Lobster - Base,10.10.2023,4632.0,3456.11,Mervin Tumasian
13-6083946,97-0956833,59-2495427,7962.0,06.09.2023,59-2495427,"Nut - Hazelnut, Whole",22.02.2023,2852.0,167.54,Rasia Franklen
43-2663915,60-5341941,08-7280182,2232.0,04.04.2023,08-7280182,Shrimp - Tiger 21/25,18.08.2023,8949.0,783.24,Eugenia Milmo
37-3662342,68-0663997,74-9459740,8530.0,30.12.2022,74-9459740,"Shrimp - Baby, Cold Water",09.11.2023,4868.0,4489.55,Vasili Stillert
83-2791571,58-8486221,42-4267767,4085.0,23.03.2023,42-4267767,Cookie Dough - Chocolate Chip,30.07.2023,3362.0,998.98,Florry Harmson
93-0820885,83-3631997,27-1897796,2120.0,07.05.2023,27-1897796,Chinese Foods - Pepper Beef,17.02.2023,8173.0,965.96,Dunc Ivanyushin
39-0081172,18-6178509,08-9713688,4472.0,02.06.2023,08-9713688,Beer - Heinekin,18.11.2023,7817.0,2870.12,Trever Clunan
40-2921475,26-0878098,96-4095166,413.0,30.07.2023,96-4095166,Ecolab - Hobart Upr Prewash Arm,21.04.2023,3349.0,1786.76,Tilda Hodge
19-2129186,73-5733924,52-7185295,213.0,16.03.2023,52-7185295,"Beef - Baby, Liver",03.07.2023,8364.0,3835.69,Jessa Montford
03-5616042,38-1654624,50-4205480,2120.0,29.05.2023,50-4205480,Steam Pan Full Lid,05.04.2023,9873.0,1075.8,Ingar Rosenberger
93-2875540,96-7104020,94-9670641,2572.0,17.07.2023,94-9670641,Salmon Steak - Cohoe 8 Oz,04.05.2023,2416.0,1249.61,Sisile Kindle
30-1435680,21-5461870,85-2077128,4193.0,26.03.2023,85-2077128,Pepper - Chili Powder,14.10.2023,819.0,1452.08,Ros Kesten
88-6328000,36-4495977,50-4045120,1214.0,06.07.2023,50-4045120,Pork - Belly Fresh,11.11.2023,617.0,4215.26,Ody Antonijevic
44-3817161,07-5730802,21-5116410,8333.0,11.04.2023,21-5116410,Muffin - Mix - Bran And Maple 15l,03.01.2023,804.0,590.65,Saba Boissier
72-6161710,01-8400990,64-3264346,9808.0,03.05.2023,64-3264346,Honey - Lavender,05.02.2023,4362.0,3849.19,Wally Pattullo
16-8126682,29-1509297,42-9879704,2453.0,26.12.2022,42-9879704,Lobster - Live,20.11.2022,3595.0,3883.14,Stoddard Shoute
82-0058114,94-0083567,72-0237146,9031.0,18.01.2023,72-0237146,Pie Box - Cello Window 2.5,14.06.2023,82.0,2112.47,Vinnie McClay
93-8802058,18-6700769,61-9317960,680.0,06.08.2023,61-9317960,Crab - Soft Shell,11.11.2023,3863.0,1132.12,Belicia McIntosh
39-7173622,85-8668142,28-3930922,5116.0,08.01.2023,28-3930922,Tea - Herbal Orange Spice,11.06.2023,1585.0,2353.51,Skyler Craighall
64-7961626,59-8187081,09-4301344,9768.0,13.08.2023,09-4301344,Wine - Carmenere Casillero Del,19.04.2023,5227.0,3994.61,Dulsea Houlridge
45-1794333,37-7943140,17-3018071,2678.0,04.06.2023,17-3018071,Rye Special Old,16.06.2023,2868.0,185.19,Norry Peniman
39-7377437,93-1656282,85-8185790,7685.0,19.08.2023,85-8185790,Bandage - Flexible Neon,27.02.2023,9714.0,2287.79,Beatrice Nurden
87-4431936,92-1493245,53-7157390,3720.0,02.11.2023,53-7157390,Clam - Cherrystone,27.11.2022,1367.0,1537.5,Erich Reast
26-1923715,21-0951098,47-1836218,9186.0,30.06.2023,47-1836218,"Carrots - Purple, Organic",10.05.2023,4312.0,2833.18,Giustino Owbrick
58-0748937,05-5536583,81-7342687,1537.0,10.10.2023,81-7342687,Mayonnaise - Individual Pkg,05.10.2023,3611.0,2315.81,Emmey Coverlyn
36-0953566,26-9187063,32-2905034,424.0,04.07.2023,32-2905034,Peppercorns - Pink,07.10.2023,3762.0,2890.32,Siffre Ollander
52-7395846,23-1533848,73-3665446,7545.0,25.12.2022,73-3665446,Cakes Assorted,10.01.2023,5650.0,747.93,Allianora Jurisic
42-5403199,27-6046012,96-2238972,6196.0,14.11.2023,96-2238972,Sweet Pea Sprouts,07.08.2023,6974.0,2489.69,Ingemar Windebank
03-9146497,78-9066385,45-1114475,1713.0,21.09.2023,45-1114475,Dc - Frozen Momji,12.09.2023,6770.0,1133.49,Locke Chaudrelle
23-2511735,46-2144119,42-4916483,9672.0,20.02.2023,42-4916483,Pernod,25.01.2023,1735.0,1421.91,Eward Huffey
37-8944307,85-1342455,27-0703355,5526.0,05.03.2023,27-0703355,Broom - Push,29.04.2023,8578.0,3754.8,Cherilyn Tantum
64-9499090,91-1644539,84-5580050,2151.0,07.07.2023,84-5580050,Tamarind Paste,28.01.2023,4430.0,2507.41,Stirling MacGuiness
78-4030848,55-3819770,75-7987529,7798.0,18.12.2022,75-7987529,"Lamb - Whole Head Off,nz",04.04.2023,6183.0,1075.19,Cece McCurley
51-7781205,72-3928005,13-8118527,6365.0,18.07.2023,13-8118527,Wine - Chateauneuf Du Pape,10.03.2023,8851.0,3885.63,Beale Doyle
26-9773794,03-4904984,10-8388949,4133.0,26.02.2023,10-8388949,Pork - Liver,06.03.2023,2553.0,314.73,Blancha Vasyutkin
61-6374530,23-4286407,70-4331166,6604.0,16.03.2023,70-4331166,Chinese Foods - Chicken Wing,08.08.2023,5354.0,2063.8,Eulalie Tippin
73-2159864,06-8298607,89-3886851,2973.0,03.12.2022,89-3886851,Fond - Neutral,10.04.2023,9856.0,4418.2,Muffin Francie
81-3388214,13-7757508,50-7808223,8587.0,28.06.2023,50-7808223,Pasta - Angel Hair,25.03.2023,4525.0,2230.58,Salim Cars
73-7169234,65-4546609,80-5352715,9773.0,12.07.2023,80-5352715,Pasta - Fusili Tri - Coloured,17.10.2023,2211.0,511.14,Tobiah Wreiford
22-6388771,48-8307217,48-9887268,9857.0,05.09.2023,48-9887268,Chicken Thigh - Bone Out,10.10.2023,2719.0,2581.78,Jade Blowne
17-5340457,62-9235818,07-7709579,1093.0,22.04.2023,07-7709579,Glycerine,06.06.2023,9082.0,1782.91,Kile Endean
72-3635106,15-0171766,69-2297521,6170.0,20.03.2023,69-2297521,Garam Marsala,03.02.2023,5607.0,513.43,Dot Sigsworth
79-2401063,23-9638867,67-8938478,103.0,29.12.2022,67-8938478,Cookies - Amaretto,12.10.2023,234.0,3832.73,Prissie Finlan
73-0780928,65-7929949,60-6374722,5484.0,13.10.2023,60-6374722,"Wine - White, Lindemans Bin 95",29.11.2022,3571.0,3652.84,Hartley Tyrrell
73-1415808,77-3772950,21-9664499,6288.0,26.04.2023,21-9664499,Fond - Chocolate,25.01.2023,393.0,1955.96,Paula Sloan
21-1731048,82-7888438,83-3758870,1073.0,11.02.2023,83-3758870,Chicken Breast Halal,23.10.2023,1605.0,4253.62,Parrnell Spur
34-2836546,32-1480173,15-0616421,9706.0,21.11.2022,15-0616421,Nori Sea Weed - Gold Label,31.01.2023,1738.0,786.04,Karrie Panter
39-0946545,84-0096910,66-5422726,7941.0,01.06.2023,66-5422726,Ginger - Ground,07.02.2023,8688.0,1666.37,Ruby Strewther
34-7476146,19-6851423,97-0955543,3133.0,13.06.2023,97-0955543,"Tendrils - Baby Pea, Organic",26.02.2023,6180.0,3333.08,Clyve Sapseed
12-3555813,16-9626956,54-5042365,9378.0,09.08.2023,54-5042365,Ham - Procutinni,13.02.2023,4864.0,3021.51,Ebba Bernardotti
22-5702094,48-9740731,52-6538558,1126.0,05.10.2023,52-6538558,Appetizer - Mushroom Tart,15.08.2023,2238.0,1472.52,Sully MacFaell
20-7507007,39-5702700,45-3376243,1915.0,01.05.2023,45-3376243,"Veal - Insides, Grains",10.06.2023,9343.0,2794.75,Clementine Lyste
76-7898867,38-8069876,27-4421975,9728.0,12.02.2023,27-4421975,Chickensplit Half,11.09.2023,5027.0,3367.04,Farr Thews
65-7252104,41-6972911,34-1217776,7473.0,01.11.2023,34-1217776,Sherry - Dry,28.06.2023,963.0,2581.03,Jerrilee Champ
34-1427549,92-0714707,29-7211002,3091.0,19.09.2023,29-7211002,Persimmons,24.05.2023,2909.0,3320.69,Pavia Zupa
59-3067595,36-2013623,65-5558024,8842.0,01.12.2022,65-5558024,Cake - Box Window 10x10x2.5,11.05.2023,2668.0,3511.67,Law Baroche
50-1102967,26-5130319,36-3065614,9832.0,03.11.2023,36-3065614,Shrimp - 150 - 250,19.12.2022,2411.0,1902.79,Jessi Cham
61-1162548,31-6288940,91-3211965,7302.0,20.08.2023,91-3211965,Carbonated Water - Wildberry,16.07.2023,6872.0,4490.32,Lamar Gladdis
50-2222490,81-0527486,19-5633098,5754.0,15.07.2023,19-5633098,"Soup - Campbells, Chix Gumbo",09.09.2023,8539.0,1148.53,Patten Wilkes
21-2028253,74-4529879,31-7723664,167.0,30.07.2023,31-7723664,"Bread - Roll, Calabrese",07.11.2023,4737.0,3631.72,Jocelyne Gulland
42-3076958,13-2295505,28-0463406,1792.0,31.08.2023,28-0463406,Pears - Bartlett,26.10.2023,6968.0,410.15,Wesley Schistl
16-9450615,95-0942033,68-8785983,9722.0,14.11.2023,68-8785983,Cheese - Ermite Bleu,19.06.2023,2586.0,3774.69,Tonnie MacCaffery
58-7945973,47-9495484,08-0840392,8890.0,13.10.2023,08-0840392,Dates,15.09.2023,2960.0,4070.4,Britt Tuddall
34-1879681,55-7924547,25-0279973,3117.0,01.08.2023,25-0279973,Vinegar - White,17.12.2022,208.0,2197.12,Valerie Haking
28-1048043,49-3556425,03-5170972,9964.0,30.01.2023,03-5170972,Cilantro / Coriander - Fresh,05.01.2023,4299.0,2800.27,Del Aylen
08-0265834,32-2473917,18-6538430,7791.0,27.09.2023,18-6538430,Cookie Dough - Chocolate Chip,04.01.2023,3230.0,3487.14,Claudio Peare
99-4390751,81-4329108,72-8971697,2233.0,28.12.2022,72-8971697,Sour Puss Raspberry,01.01.2023,3125.0,3615.61,Arabel Bertram
89-3907347,64-6037964,94-8670036,3188.0,28.11.2022,94-8670036,Muffin Hinge Container 6,30.01.2023,4892.0,1349.54,Florian Gehrts
53-0886551,69-3810125,59-6256667,5116.0,25.07.2023,59-6256667,Wine - Casablanca Valley,26.07.2023,452.0,3205.46,Kerwin Ericsson
70-8364543,09-8019310,92-3893919,4840.0,05.02.2023,92-3893919,Oranges,09.05.2023,6301.0,1149.73,Taffy Lambshine
97-1401650,94-0196047,68-8518629,2427.0,08.09.2023,68-8518629,Mousse - Passion Fruit,05.11.2023,7485.0,505.63,Kaila Dowbiggin
39-8134690,02-5733546,22-7435549,9081.0,23.10.2023,22-7435549,Squid - Tubes / Tenticles 10/20,20.10.2023,9496.0,129.3,Ebonee Carwithim
82-6193528,34-4391598,75-0948991,5946.0,05.08.2023,75-0948991,Pork - Shoulder,13.01.2023,9077.0,2059.28,Ronna Giacobo
20-2440625,08-9100353,74-4098665,9667.0,30.05.2023,74-4098665,Bonito Flakes - Toku Katsuo,10.09.2023,7046.0,3210.27,Elladine Nelle
90-0256129,83-0199129,52-1457200,989.0,30.08.2023,52-1457200,"Chicken - Thigh, Bone In",22.11.2022,6566.0,194.79,Celesta Kann
22-8607757,74-2073985,72-5357787,8183.0,26.03.2023,72-5357787,"Pasta - Rotini, Colour, Dry",21.03.2023,5658.0,3213.17,Clare Tranmer
85-9395844,03-0429083,80-4639886,6437.0,19.05.2023,80-4639886,Salt And Pepper Mix - White,09.01.2023,3649.0,2352.46,Erastus Cowen
84-4935715,12-0283266,41-6295377,1103.0,09.01.2023,41-6295377,Longos - Grilled Chicken With,23.03.2023,2272.0,2231.84,Angela Brea
61-9396856,79-8863604,57-4260956,7422.0,08.03.2023,57-4260956,Lid Tray - 12in Dome,03.07.2023,2681.0,2770.78,Carmina Willoughley
90-4922708,19-9248992,93-5339829,3652.0,26.02.2023,93-5339829,Duck - Breast,22.12.2022,93.0,935.44,Vannie Rubinovitsch
24-7758805,02-0020902,01-7491247,1850.0,06.01.2023,01-7491247,"Juice - Cranberry, 341 Ml",27.05.2023,9568.0,3432.56,Gene Ruberry
91-5415482,06-4042791,95-5257904,1093.0,29.07.2023,95-5257904,Bagel - Plain,21.08.2023,7068.0,3168.42,Marianna McGonigal
72-8834199,05-4993986,79-6717917,5551.0,16.12.2022,79-6717917,Sauce - Hp,26.05.2023,7212.0,1632.03,Tiebout Spencers
06-8895496,29-1106881,30-2074635,6940.0,08.12.2022,30-2074635,Wine - Spumante Bambino White,04.07.2023,756.0,4211.8,Kendell Ternault
70-6067180,31-8823849,25-1310024,4124.0,22.11.2022,25-1310024,Trueblue - Blueberry 12x473ml,04.11.2023,6359.0,1691.77,Leeland Rohfsen
88-8785691,04-6648175,86-2197873,7666.0,06.08.2023,86-2197873,Wakami Seaweed,08.03.2023,6653.0,4200.15,Tod Vigne
68-0177751,69-7994548,76-8942491,5996.0,18.01.2023,76-8942491,Fruit Mix - Light,19.10.2023,4030.0,1410.65,Lennie Lergan
05-3464388,01-1383521,04-8913238,3912.0,04.04.2023,04-8913238,"Lid - Translucent, 3.5 And 6 Oz",17.11.2023,3327.0,1248.26,Fifine Bedin
19-3115963,77-9862881,67-2417632,450.0,30.09.2023,67-2417632,Trout Rainbow Whole,27.05.2023,5275.0,2453.05,Betteanne Sisey
74-7902246,34-3884715,34-5336118,1903.0,28.08.2023,34-5336118,"Asparagus - Green, Fresh",10.06.2023,2990.0,4180.61,Astrix MacGiffin
58-8286821,76-2487831,61-9193406,4468.0,15.11.2023,61-9193406,Cheese - Colby,16.09.2023,585.0,1272.17,Petronella Broz
94-3080403,51-3659828,90-0115786,7853.0,05.08.2023,90-0115786,Cherries - Fresh,26.04.2023,1271.0,3132.35,Deedee Chessun
68-7721501,48-2041312,50-2780317,1961.0,08.07.2023,50-2780317,Kellogs All Bran Bars,27.06.2023,9635.0,771.16,Martha Mattingley
76-5833756,78-1981136,07-0956579,8417.0,27.11.2022,07-0956579,Lettuce - Spring Mix,15.09.2023,5695.0,1070.16,Darlleen Figiovanni
98-8188119,52-1266797,61-0762055,577.0,23.08.2023,61-0762055,Vinegar - White,18.12.2022,7709.0,3624.24,Rozelle Blackaller
41-6674920,50-8024486,03-8540753,6751.0,03.11.2023,03-8540753,Tart - Butter Plain Squares,06.05.2023,2213.0,2591.4,Walt Powter
92-0732738,84-6937596,57-4543355,3251.0,28.03.2023,57-4543355,Shark - Loin,02.07.2023,147.0,2076.25,Huberto Dabell
70-2220967,19-1822436,35-4409771,3147.0,06.05.2023,35-4409771,Foil - 4oz Custard Cup,10.05.2023,4097.0,3008.68,Gwendolyn Gathercoal
41-0312775,44-5376555,79-2601525,4290.0,26.09.2023,79-2601525,Wine - Dubouef Macon - Villages,23.11.2022,8930.0,2750.67,Fidelia Moyle
32-7219081,71-0706575,43-2864255,6689.0,06.01.2023,43-2864255,Soup Campbells Beef With Veg,23.02.2023,2766.0,4453.23,Lyndsey Denison
86-8716566,31-7089874,25-8086223,2590.0,12.09.2023,25-8086223,Kiwano,29.04.2023,1597.0,3782.24,Hobey Buckenham
62-8146269,81-2256844,84-6399221,4778.0,03.06.2023,84-6399221,Garam Masala Powder,18.09.2023,2215.0,2850.27,Portia Deluce
94-2483410,86-6883831,33-1715719,6409.0,28.09.2023,33-1715719,Beef - Texas Style Burger,26.06.2023,8337.0,1879.85,Sean Ebenezer
74-4564293,64-1422204,73-6876593,5712.0,19.12.2022,73-6876593,"Vodka - Lemon, Absolut",14.08.2023,6800.0,3988.87,Estele Saladin
08-0901078,56-5300588,44-8451330,5837.0,05.10.2023,44-8451330,Veal - Nuckle,28.05.2023,7638.0,4343.61,Avram Herreran
51-9663663,64-0037503,09-6830302,984.0,11.02.2023,09-6830302,Chicken - Bones,12.02.2023,1146.0,2629.79,Lanita Pykerman
46-8676311,48-3612416,72-5948789,3634.0,06.01.2023,72-5948789,Dc - Sakura Fu,29.12.2022,8820.0,2467.35,Ally Vivyan
68-4600162,40-5647631,91-4539052,4984.0,18.08.2023,91-4539052,Fork - Plastic,09.02.2023,3866.0,3626.47,Emlynne Allcorn
94-7939141,23-0073707,38-2934335,3909.0,28.04.2023,38-2934335,"Pasta - Shells, Medium, Dry",14.10.2023,7123.0,507.69,Kermit Alessandrucci
24-6789467,89-3992803,18-1868473,2593.0,21.09.2023,18-1868473,Wine - Sicilia Igt Nero Avola,11.02.2023,9273.0,686.62,Marcy Tudhope
24-1055607,80-6767330,92-4801845,2180.0,19.07.2023,92-4801845,Pork - Shoulder,30.04.2023,4458.0,2106.52,Mycah Goundry
09-6837550,34-9556711,93-0093962,6106.0,18.07.2023,93-0093962,"Wine - White, French Cross",12.04.2023,718.0,2395.83,Helenka Kindred
87-9579198,84-1148144,44-1991147,9226.0,10.02.2023,44-1991147,"Coffee - Beans, Whole",14.02.2023,8017.0,621.8,Mildred Larkcum
22-3834699,80-7589906,75-6373110,94.0,08.07.2023,75-6373110,"Stock - Beef, Brown",19.08.2023,9782.0,2134.79,Maurie Meeland
33-0958012,48-4203621,19-6227578,8114.0,13.08.2023,19-6227578,Pork - Caul Fat,18.08.2023,3522.0,310.73,Zackariah Scown
91-0840527,21-0692693,64-6110603,9130.0,02.06.2023,64-6110603,Soy Protein,10.12.2022,8577.0,1322.66,Virgina Stothert
93-6905828,30-5887065,88-7747987,6790.0,30.04.2023,88-7747987,Sauce - Hoisin,05.07.2023,6049.0,2310.42,Daphene Niblock
80-0037307,50-7605808,02-8788640,6742.0,21.05.2023,02-8788640,Chicken - Leg / Back Attach,10.11.2023,7692.0,3479.13,Gilberto Vauls
74-3084299,97-3248359,87-7582431,3659.0,06.05.2023,87-7582431,Straw - Regular,10.04.2023,8684.0,237.01,Heidie Meighan
59-5625810,08-2410268,11-0677545,4436.0,11.10.2023,11-0677545,Grapefruit - Pink,12.02.2023,2200.0,1607.44,Blondy Kees
82-6135250,68-2229488,15-9428768,8963.0,18.09.2023,15-9428768,"Wine - Red, Antinori Santa",06.07.2023,783.0,3490.27,Corbet MacManus
50-8804616,57-5671377,22-4313508,9699.0,30.05.2023,22-4313508,"Yogurt - Peach, 175 Gr",21.12.2022,1029.0,3125.41,Emmey Skeats
22-5596230,88-9629560,38-2568067,1468.0,21.07.2023,38-2568067,Sauce - Hoisin,08.05.2023,1764.0,2331.65,Brennan Mossdale
09-0479839,96-8417881,86-1525555,9007.0,14.09.2023,86-1525555,Caviar - Salmon,13.07.2023,2202.0,2046.92,Kacy Duckerin
15-9562607,87-2703955,35-3913668,567.0,16.01.2023,35-3913668,Salt - Table,18.08.2023,1289.0,4073.13,Quint Dunsford
00-5074036,97-5976870,94-2888827,4119.0,20.04.2023,94-2888827,Bread - Sour Batard,17.10.2023,6071.0,1505.52,Candis Norcop
09-6549677,31-0710189,71-5818331,7343.0,05.03.2023,71-5818331,Bread Crumbs - Japanese Style,08.01.2023,4466.0,207.62,Anica Ciccerale
67-6029071,55-8702320,94-1432375,7416.0,12.06.2023,94-1432375,Island Oasis - Peach Daiquiri,01.01.2023,5145.0,4453.09,Hedi Davidzon
35-9258620,60-6325425,50-5013015,2882.0,03.07.2023,50-5013015,Beer - Sleemans Cream Ale,20.07.2023,6267.0,3868.84,Joann Benny
46-3746576,38-5077483,60-7212616,1568.0,11.06.2023,60-7212616,Lobak,08.01.2023,1592.0,164.02,Norine Colvie
02-1894491,97-2075950,94-3396061,5708.0,23.07.2023,94-3396061,The Pop Shoppe - Black Cherry,27.05.2023,4012.0,2544.97,Domingo Corington
84-0608466,67-5606904,14-7205786,297.0,11.08.2023,14-7205786,Nantucket - Kiwi Berry Cktl.,25.10.2023,9254.0,720.04,Lory Bambrick
06-8936743,91-2975693,55-0650681,8832.0,10.02.2023,55-0650681,Wine - Piper Heidsieck Brut,18.04.2023,5536.0,221.65,Umeko Klimkovich
72-0139355,39-6540722,57-5602235,1147.0,05.08.2023,57-5602235,Apple - Granny Smith,18.09.2023,8157.0,1077.67,Leodora Colley
00-1291516,56-4066554,30-1945340,3979.0,06.06.2023,30-1945340,Crab - Imitation Flakes,09.06.2023,6979.0,2773.12,Mort Bezant
49-8815148,04-1710947,11-7265413,5173.0,08.02.2023,11-7265413,"Wine - White, Pelee Island",22.10.2023,8787.0,1044.0,Innis Massel
66-1561212,64-6974034,98-1624993,9376.0,31.12.2022,98-1624993,Onions - Pearl,29.01.2023,1884.0,3504.53,Kendrick Pummery
46-1140717,69-7353230,29-0711424,2594.0,26.06.2023,29-0711424,Wine - Dubouef Macon - Villages,09.10.2023,4682.0,3747.9,Marcie Welton
71-3222135,06-2131244,89-9784167,8885.0,05.04.2023,89-9784167,"Ecolab - Orange Frc, Cleaner",28.03.2023,7308.0,1700.59,Bale Freeth
49-5086256,55-9974947,15-1176019,1600.0,04.02.2023,15-1176019,"Soup - Knorr, Ministrone",07.04.2023,1738.0,2548.66,Ketty De la Barre
98-5013172,56-3166747,53-2951159,9141.0,16.12.2022,53-2951159,Squash - Butternut,17.09.2023,4999.0,1136.61,Nelie Charter
51-8299129,26-7529564,37-5534365,9509.0,26.11.2022,37-5534365,"Pasta - Penne, Rigate, Dry",13.06.2023,589.0,818.99,Garold Beaufoy
88-0725504,93-0675260,93-6179235,8188.0,29.01.2023,93-6179235,Paper - Brown Paper Mini Cups,10.06.2023,9364.0,1131.1,Ugo O'Lynn
12-2239260,90-4069211,50-9334390,8600.0,15.05.2023,50-9334390,Flour - Teff,04.04.2023,7188.0,607.49,Karoline Levesley
83-9944712,63-1106029,50-7954081,8468.0,08.05.2023,50-7954081,"Vodka - Lemon, Absolut",13.07.2023,101.0,3581.61,Maridel Van Salzberger
33-0772960,75-6507813,26-7160742,3666.0,20.03.2023,26-7160742,Blueberries,14.09.2023,537.0,1128.0,Christiano Capner
08-3817059,26-5743773,41-2454970,9436.0,10.11.2023,41-2454970,Cassis,23.01.2023,7856.0,617.48,Korrie Swale
22-8692549,86-8845440,08-4250344,733.0,24.12.2022,08-4250344,"Tart Shells - Savory, 3",13.07.2023,7497.0,3233.77,Gerianne Jillings
55-5329697,45-9993995,89-7611492,9478.0,17.09.2023,89-7611492,Tuna - Yellowfin,23.02.2023,5767.0,63.13,Carri Kezar
49-7410044,85-4316388,37-2649500,4457.0,27.04.2023,37-2649500,Pepper - Yellow Bell,12.08.2023,366.0,1288.88,Penelopa De Vaan
59-3527089,68-7795858,11-6033193,1531.0,30.09.2023,11-6033193,Shiro Miso,22.06.2023,4120.0,3858.19,Ogdan Skade
49-2326683,50-1954725,25-2110071,1485.0,30.04.2023,25-2110071,"Pork - Tenderloin, Frozen",05.10.2023,6543.0,1684.67,Juliane Stedall
31-0107701,25-6039240,26-6189255,4883.0,11.06.2023,26-6189255,Bread - Crusty Italian Poly,07.03.2023,7668.0,4266.64,Quintus Kenrack
22-1189006,81-0732522,83-6540813,4636.0,21.10.2023,83-6540813,Bread - Triangle White,13.02.2023,2667.0,2538.23,Chic Morriarty
82-7779901,61-8505110,24-4997421,7540.0,12.12.2022,24-4997421,Wiberg Cure,02.04.2023,1883.0,2487.93,Tabitha Sankey
72-5024688,82-6037155,28-3309864,705.0,26.10.2023,28-3309864,"Stock - Beef, White",17.07.2023,1638.0,541.21,Colman De Cristoforo
06-8539772,51-8130569,79-2511600,682.0,09.02.2023,79-2511600,Lidsoupcont Rp12dn,13.10.2023,3993.0,2447.29,Harriet Guyer
52-1947441,72-7080695,76-4571234,9910.0,30.12.2022,76-4571234,Flour - Pastry,11.05.2023,1512.0,1878.17,Killy Potten
32-9282661,58-2237171,33-6600910,9538.0,19.12.2022,33-6600910,Bread - Corn Muffaleta Onion,11.03.2023,5470.0,2064.53,Hector Chipman
52-5004814,54-9164956,59-5029963,1279.0,29.01.2023,59-5029963,Cheese - Grie Des Champ,14.02.2023,3140.0,1334.98,Franny Peaple
75-2330153,91-4340045,08-2347689,4966.0,05.09.2023,08-2347689,Temperature Recording Station,10.01.2023,9886.0,1194.4,Alix Trowill
31-5046646,36-7521633,59-1523662,9072.0,05.11.2023,59-1523662,Green Scrubbie Pad H.duty,27.06.2023,1059.0,1574.47,Symon Stening
30-0090987,77-5679620,50-0607823,3828.0,03.03.2023,50-0607823,Wine - Chianti Classica Docg,12.04.2023,6343.0,3179.39,Alanson d' Elboux
55-8930669,56-5922707,07-4880076,4315.0,03.10.2023,07-4880076,Wine - Charddonnay Errazuriz,22.03.2023,4537.0,3181.24,Elia Walbrook
18-1179746,25-0370248,56-7489657,3245.0,22.04.2023,56-7489657,Sprouts - Baby Pea Tendrils,14.02.2023,9782.0,1331.71,Skipp Bowle
15-7818002,07-1003636,09-3787917,5077.0,25.08.2023,09-3787917,Wine - Vouvray Cuvee Domaine,29.12.2022,4662.0,1306.43,Roanne Ackermann
73-7700919,03-5390532,18-2649493,936.0,26.05.2023,18-2649493,Beef - Ox Tongue,24.10.2023,8367.0,1166.72,Carly Alenichev
11-2185480,92-6901093,85-7746618,8867.0,19.10.2023,85-7746618,Wine - Chablis 2003 Champs,13.09.2023,9420.0,2595.0,Garrot Nelligan
57-1888150,22-4807691,79-6472438,1508.0,09.10.2023,79-6472438,Pepper - Chilli Seeds Mild,17.03.2023,2481.0,3038.44,Alethea Tollady
43-2610342,54-7834273,00-4422004,7802.0,17.01.2023,00-4422004,Dry Ice,03.06.2023,4876.0,111.89,Robinette Jatczak
64-7481662,35-8776336,23-5699147,2738.0,11.05.2023,23-5699147,Wine - Rioja Campo Viejo,18.09.2023,9558.0,4388.08,Hattie Grenshields
86-1450120,18-9822496,72-7826949,7915.0,21.02.2023,72-7826949,"Wine - White, Antinore Orvieto",27.12.2022,2268.0,325.89,Waverly Gurr
73-1974643,88-0994631,77-7508661,1505.0,05.03.2023,77-7508661,Wine - Shiraz South Eastern,08.07.2023,8475.0,3159.95,Rinaldo Grishanov
21-7383385,68-3174153,36-5217469,7452.0,11.05.2023,36-5217469,Sage - Rubbed,18.06.2023,6082.0,1964.26,Hally Coventon
66-4467862,07-4363270,65-8113385,9403.0,09.03.2023,65-8113385,"Soup - Knorr, Chicken Gumbo",30.06.2023,4554.0,4241.74,Joseito Clamp
42-6183451,80-5989770,26-9137228,8254.0,28.11.2022,26-9137228,Rice - Aborio,11.04.2023,3823.0,2803.28,Cirilo Pennells
55-2495618,39-3087365,29-0355415,2895.0,19.08.2023,29-0355415,Appetizer - Asian Shrimp Roll,23.07.2023,8483.0,1647.55,Rowland Sigars
88-1122586,36-7796937,92-5431184,3915.0,14.07.2023,92-5431184,Bulgar,11.11.2023,593.0,4220.4,Zoe Walczak
66-1544369,73-6325207,38-5320070,6060.0,03.10.2023,38-5320070,Shrimp - Black Tiger 8 - 12,18.04.2023,7346.0,1027.67,Jefferson Grestye
80-9443792,76-7551721,27-3041673,2895.0,05.12.2022,27-3041673,"Vermouth - White, Cinzano",04.02.2023,1210.0,3771.9,Tasia Applegate
70-0838911,93-0239383,26-3388138,630.0,14.11.2023,26-3388138,"Capon - Breast, Double, Wing On",15.05.2023,3179.0,2429.08,Jamison Shippey
44-2485100,22-6404678,66-5112083,4923.0,20.10.2023,66-5112083,Ostrich - Prime Cut,09.08.2023,3414.0,3697.5,Quinn Couve
35-7321889,27-8657696,13-4047271,9378.0,11.10.2023,13-4047271,"Soup - Beef, Base Mix",02.12.2022,1550.0,4092.53,Meris Starsmore
36-1136088,48-5456231,71-8845850,1189.0,06.12.2022,71-8845850,"Soup - Knorr, Classic Can. Chili",19.10.2023,4229.0,1409.4,Elka Pirkis
56-9609417,16-8600398,21-6274807,4734.0,13.12.2022,21-6274807,Wine - Vouvray Cuvee Domaine,09.04.2023,1422.0,3309.97,Meagan Ready
88-9276613,48-5655318,64-5833058,7424.0,11.07.2023,64-5833058,Wine - Lou Black Shiraz,28.02.2023,7530.0,2731.69,Roxie Islip
87-6471428,07-6745723,81-5737001,5864.0,13.09.2023,81-5737001,"Wine - White, Ej",10.05.2023,7414.0,813.06,Yevette Richemont
85-2564088,02-4540749,49-4442573,7337.0,01.01.2023,49-4442573,Bread Crumbs - Japanese Style,28.01.2023,743.0,632.62,Yolanthe Ellick
38-6442526,82-9290550,84-9053189,6206.0,07.08.2023,84-9053189,"Pork - Tenderloin, Fresh",29.09.2023,3879.0,3127.45,Addison Bleibaum
59-5751355,18-4898456,15-5303883,9656.0,06.07.2023,15-5303883,Sugar - Crumb,26.11.2022,6183.0,4114.06,Hyacinthe Serotsky
34-7818392,15-6199573,79-7897107,6125.0,09.08.2023,79-7897107,"Soup - French Onion, Dry",23.06.2023,2700.0,1117.92,Oralee Greaterex
66-4841378,02-6873556,38-1241370,1383.0,09.03.2023,38-1241370,"Wine - Red, Marechal Foch",26.07.2023,1075.0,264.56,Torrin Rushe
47-3915609,55-8026408,57-2850504,1911.0,31.03.2023,57-2850504,Chef Hat 25cm,04.08.2023,7556.0,4273.68,Lenard Pfeffer
59-2035086,78-4075683,08-5936325,2532.0,27.01.2023,08-5936325,Ice Cream - Super Sandwich,11.05.2023,9703.0,185.96,Malinde Ghilardi
34-1766730,56-3792340,20-5721412,7561.0,16.07.2023,20-5721412,Foie Gras,25.10.2023,3710.0,819.19,Salome Buddle
23-8365658,18-0504723,74-1719994,8778.0,29.05.2023,74-1719994,Veal - Liver,22.06.2023,5395.0,4475.98,Skip Knotton
35-4320681,15-4314362,34-5462752,3651.0,25.07.2023,34-5462752,"Stock - Veal, White",09.06.2023,6164.0,2512.07,Gwendolen Lune
88-4048684,84-5541743,60-7010283,7069.0,18.11.2023,60-7010283,"Pepper - Chipotle, Canned",06.09.2023,1860.0,1061.0,Cinda Millington
79-3326069,73-8954630,75-0563463,5017.0,02.06.2023,75-0563463,"Mushroom - Oyster, Fresh",11.12.2022,2724.0,4177.54,Cele Drivers
03-0240934,81-3785259,93-1483822,8899.0,04.08.2023,93-1483822,Bread - Olive,19.10.2023,5999.0,1746.94,Yoshi D'Alesco
54-8859193,54-6408709,35-0653654,1251.0,09.11.2023,35-0653654,Bread Base - Italian,02.02.2023,9288.0,3246.37,Peterus Arnholtz
48-3554186,57-1081069,23-1384452,8698.0,25.04.2023,23-1384452,"Wine - White, Schroder And Schyl",20.12.2022,597.0,3476.01,Lemuel Lightbourne
14-2384672,36-9240696,35-2965416,5422.0,16.06.2023,35-2965416,Syrup - Chocolate,16.01.2023,1345.0,2940.78,Lynda Dreschler
81-5204383,47-5282174,53-1464229,7318.0,02.03.2023,53-1464229,Clam Nectar,09.04.2023,137.0,4114.39,Lorilyn Carolan
06-4398345,52-2756741,13-9103897,9696.0,01.05.2023,13-9103897,French Pastry - Mini Chocolate,19.05.2023,7356.0,1788.37,Cindee Westwell
27-6294387,09-0976771,72-8443902,6703.0,30.08.2023,72-8443902,"Bread - Roll, Soft White Round",08.10.2023,7946.0,1295.45,Gretal Werlock
53-3573509,95-5855140,60-7512279,9041.0,10.10.2023,60-7512279,Lid - 0090 Clear,03.04.2023,6624.0,620.49,Karlotte Docherty
54-7337926,72-2849309,17-8801899,8331.0,26.09.2023,17-8801899,Bag Stand,11.07.2023,2464.0,3762.68,Emmett Cantrell
37-4758104,95-5393904,62-2778045,8659.0,16.03.2023,62-2778045,Mahi Mahi,16.04.2023,5107.0,2233.79,Veda Laytham
50-0663727,45-8873383,09-1225603,5313.0,19.01.2023,09-1225603,Mustard Prepared,02.12.2022,2229.0,3420.98,Des Mussettini
96-6095922,98-9923770,76-2270747,2647.0,28.08.2023,76-2270747,Soup - Campbells - Chicken Noodle,20.12.2022,5402.0,4122.8,Abdel Escofier
75-9837761,91-8601768,03-8047599,2444.0,22.06.2023,03-8047599,Catfish - Fillets,05.12.2022,8569.0,3380.39,Patten Gotfrey
54-2959219,98-5894993,70-3596026,7826.0,03.09.2023,70-3596026,Island Oasis - Sweet And Sour Mix,28.11.2022,6836.0,1861.76,Suzy Lage
62-4892872,94-8161517,00-9567177,1676.0,01.05.2023,00-9567177,Pepper - Red Chili,10.10.2023,1790.0,3576.86,Chloris Tapsell
20-2741939,92-7962197,76-5993625,2665.0,17.06.2023,76-5993625,"Salt - Rock, Course",07.08.2023,5459.0,2616.56,Mariejeanne Duxbarry
03-8910242,47-7280043,23-2736690,6445.0,05.03.2023,23-2736690,Fond - Neutral,26.03.2023,2280.0,1323.72,Dorry Dunn
47-1107600,80-3759453,02-1204330,7832.0,01.02.2023,02-1204330,Foam Tray S2,09.08.2023,9191.0,977.28,Rosmunda Wolseley
27-4103073,04-6819545,48-6757845,221.0,05.04.2023,48-6757845,Mustard - Dijon,06.05.2023,7502.0,1888.95,Fawne Giovanetti
90-7861728,58-3505631,87-7638147,80.0,30.11.2022,87-7638147,"Lemonade - Natural, 591 Ml",14.08.2023,4093.0,1006.94,Giralda Dearnaly
40-3416688,57-5780882,37-2525090,3188.0,13.09.2023,37-2525090,Bread - Raisin Walnut Oval,04.03.2023,7667.0,976.56,Barbabas Peebles
70-3498248,82-6068188,14-0195395,6705.0,06.07.2023,14-0195395,Quail Eggs - Canned,11.05.2023,2577.0,624.33,Sheridan Graffham
99-9411027,96-6328671,77-8410314,2066.0,20.03.2023,77-8410314,Chicken - Tenderloin,13.03.2023,5043.0,4398.31,Bart Tomlett
90-6180836,76-9368074,43-4097157,1392.0,31.08.2023,43-4097157,Beer - Sleemans Honey Brown,27.04.2023,8981.0,667.07,Benedikt Curness
14-2830423,21-8633992,81-3109824,4560.0,05.02.2023,81-3109824,Oil - Sesame,16.10.2023,3635.0,1082.47,Dee Raincin
94-1707934,99-6403714,52-2511031,267.0,31.12.2022,52-2511031,Crab Brie In Phyllo,14.05.2023,5656.0,1393.43,Kristoffer Bengough
94-4876630,24-9614796,59-7756756,9259.0,23.07.2023,59-7756756,Water - Spring Water 500ml,12.05.2023,9684.0,202.5,Meryl Priestley
89-5459497,71-1762340,17-4362094,4244.0,02.06.2023,17-4362094,"Nut - Walnut, Chopped",26.02.2023,5175.0,279.77,Kylila Sergant
61-9673094,15-9865015,99-9711273,8543.0,26.12.2022,99-9711273,Lamb - Loin Chops,22.06.2023,5373.0,1448.57,Kristine Husher
14-6928411,99-0390944,90-7051492,8800.0,06.04.2023,90-7051492,Chocolate - Feathers,07.04.2023,2746.0,2770.88,Kris Thomesson
13-9255226,23-0776134,62-8509685,2143.0,02.06.2023,62-8509685,Bread - Malt,13.07.2023,6548.0,2063.54,Gertrudis Kentish
45-4959018,15-3200156,95-6251837,9772.0,05.12.2022,95-6251837,"Wine - White, Pinot Grigio",01.12.2022,1345.0,3796.93,Verne Rudinger
47-6712461,98-0741169,74-6931396,3353.0,14.08.2023,74-6931396,"Cup - 6oz, Foam",04.03.2023,3641.0,233.05,Nanni Dighton
39-8842104,42-9746969,31-1755946,2051.0,23.01.2023,31-1755946,Cassis,20.02.2023,9383.0,3406.43,Jobey Bromhead
12-4578779,09-3668570,29-0478906,2558.0,14.03.2023,29-0478906,Dried Cherries,28.11.2022,6925.0,3723.76,Marcelia Martin
40-4193409,07-7374839,51-8657888,8443.0,15.06.2023,51-8657888,Bar - Granola Trail Mix Fruit Nut,29.07.2023,441.0,1859.72,Catarina Fidgett
72-4487803,35-4179709,68-4075273,3545.0,23.12.2022,68-4075273,"Beans - Fava, Canned",16.03.2023,9812.0,1094.22,Marylynne Gilliat
50-0289504,46-3288905,80-6590427,1191.0,12.05.2023,80-6590427,Walkers Special Old Whiskey,07.12.2022,5497.0,2903.74,Shelton Sickert
54-3248624,93-4335503,61-4974928,8373.0,20.12.2022,61-4974928,"Wine - Red, Colio Cabernet",19.04.2023,7127.0,1946.15,Zane Sottell
08-4660929,08-4498733,16-1004794,93.0,13.04.2023,16-1004794,"Wine - White, Ej Gallo",11.11.2023,7461.0,4155.29,Bev Jachimiak
81-9827039,51-3478512,17-4015176,2020.0,05.10.2023,17-4015176,Flower - Commercial Spider,18.02.2023,8544.0,3193.63,Zsa zsa Berard
31-6731884,46-0384118,40-9739828,6005.0,12.10.2023,40-9739828,Juice - V8 Splash,21.06.2023,9142.0,3651.9,Elisabet Spelman
78-0882066,62-8006258,55-3957592,6975.0,14.01.2023,55-3957592,Foil - Round Foil,05.10.2023,3629.0,131.69,Consalve Vink
37-5481599,92-0398847,66-4291078,6372.0,21.04.2023,66-4291078,Five Alive Citrus,11.11.2023,4436.0,4184.62,Carolan Grandison
09-8513634,39-2754341,60-4675145,1506.0,25.08.2023,60-4675145,Bread - Olive,13.12.2022,2710.0,1881.16,Loni Mailey
70-6883083,25-4053210,65-8434599,2065.0,02.07.2023,65-8434599,White Baguette,05.01.2023,439.0,2090.09,Darcee Glover
12-6114568,83-1472544,52-5285816,9643.0,07.03.2023,52-5285816,Carbonated Water - Cherry,09.10.2023,278.0,2371.79,Benedick Gatty
29-4702702,44-1035945,69-1744533,7054.0,15.03.2023,69-1744533,Squash - Guords,03.08.2023,6115.0,1368.66,Madge Yewman
93-5655909,68-3924831,36-9451309,5390.0,11.02.2023,36-9451309,Cheese - Wine,20.11.2022,1214.0,1943.35,Ezequiel Consadine
25-8765162,50-3256530,71-9876013,3644.0,13.11.2023,71-9876013,Sugar - Icing,26.08.2023,8888.0,1221.94,Herby Strang
23-2452867,56-8474577,76-9870935,9786.0,08.06.2023,76-9870935,Vodka - Moskovskaya,11.06.2023,1823.0,1525.73,Otis Farherty
39-7730043,83-3330088,62-3660011,6464.0,10.09.2023,62-3660011,"Nut - Pecan, Halves",12.12.2022,5491.0,147.82,Sari Jagger
90-3203484,15-4643890,61-9251919,1172.0,07.10.2023,61-9251919,Tia Maria,06.05.2023,2484.0,2148.51,Sophia O'Heaney
40-2747537,47-6251269,49-8200521,6910.0,31.01.2023,49-8200521,"Nut - Almond, Blanched, Ground",07.07.2023,5751.0,4051.48,Martica Malsher
23-4239393,68-3312281,92-4855766,240.0,20.08.2023,92-4855766,Coriander - Seed,15.10.2023,5108.0,1160.92,Vilma Rennie
54-8788650,91-4810942,96-4242011,5102.0,30.03.2023,96-4242011,Cod - Fillets,21.12.2022,6532.0,3300.19,Horatio Grut
19-2549479,18-0156175,57-4436550,5995.0,21.11.2022,57-4436550,Wine - Gato Negro Cabernet,12.08.2023,7448.0,665.85,Ange Readshall
40-9887690,58-9678654,02-5360780,4252.0,23.10.2023,02-5360780,Horseradish Root,03.11.2023,7296.0,343.91,Tobit Danniel
82-4061149,55-3775285,64-4363968,7440.0,19.12.2022,64-4363968,Cheese - Mix,20.05.2023,3554.0,3502.91,Darrelle O'Hollegan
16-2907626,40-4397488,92-5069690,6219.0,29.10.2023,92-5069690,Waffle Stix,26.04.2023,400.0,3606.58,Jorge Brunker
52-6255451,67-3621487,18-5312632,1015.0,01.04.2023,18-5312632,Bread - 10 Grain,01.06.2023,2691.0,843.66,Rozanne Dast
81-2094891,90-5917105,63-6578095,8782.0,19.03.2023,63-6578095,"Shrimp - Baby, Cold Water",18.05.2023,6126.0,4095.27,Olympe Meir
88-0896823,42-3328924,81-9061744,1180.0,01.03.2023,81-9061744,Pimento - Canned,20.07.2023,2022.0,1061.51,Beck Twyford
20-7999381,68-2362963,89-5175250,801.0,16.04.2023,89-5175250,"Quail - Whole, Boneless",20.12.2022,9113.0,2991.1,Jacinda Pither
92-0927965,78-9606712,38-1076102,5425.0,10.08.2023,38-1076102,Bread - Hot Dog Buns,27.07.2023,7290.0,2445.81,Tamar Birmingham
85-5257789,98-0765333,33-3332901,6311.0,28.06.2023,33-3332901,Veal - Heart,29.01.2023,594.0,4092.88,Leisha Willimot
70-4948967,26-2402583,15-8769711,3928.0,21.03.2023,15-8769711,Wine - Cave Springs Dry Riesling,25.08.2023,327.0,2228.73,Lukas Collingham
64-5571295,87-9073080,78-0842993,6067.0,14.03.2023,78-0842993,V8 Pet,05.08.2023,539.0,4324.43,Wileen Critchard
24-0885332,79-7605153,83-3898013,6434.0,07.12.2022,83-3898013,Cookie Double Choco,28.07.2023,9226.0,2217.83,Clayton Artin
71-8615118,80-9035967,90-3121048,5582.0,26.08.2023,90-3121048,Fish - Bones,17.04.2023,4280.0,1645.06,Erminia Farquharson
37-9798798,44-8629296,33-8603668,2456.0,18.05.2023,33-8603668,White Baguette,15.02.2023,5530.0,1875.45,Joelynn Conyard
41-2179975,77-8401784,74-4421283,3775.0,17.11.2023,74-4421283,Higashimaru Usukuchi Soy,24.06.2023,3938.0,4245.81,Flem O'Fallowne
41-6627848,81-2545596,05-2715531,9790.0,08.10.2023,05-2715531,Soup - Verve - Chipotle Chicken,16.02.2023,966.0,4452.69,Gustaf Meace
09-2644227,67-6009775,89-4868154,9705.0,14.03.2023,89-4868154,Soup - French Can Pea,25.08.2023,736.0,2459.05,Candida Klazenga
91-0397432,40-7816426,39-5041046,5917.0,13.08.2023,39-5041046,"Chicken - Thigh, Bone In",27.09.2023,4735.0,1177.83,Wildon Leyband
49-7196728,41-2993012,13-0579060,6910.0,27.12.2022,13-0579060,Ecolab - Hobart Upr Prewash Arm,07.07.2023,7329.0,2866.12,Annabela Shimmans
02-7014000,09-3339182,57-2395898,5932.0,05.10.2023,57-2395898,"Tea - Darjeeling, Azzura",11.04.2023,878.0,2470.6,Lindsay Alsop
73-7301637,53-4573140,87-4633646,4670.0,16.10.2023,87-4633646,Coriander - Seed,29.01.2023,9299.0,2083.18,Prudence Pavlasek
10-0480382,37-5771843,67-9842926,1579.0,06.11.2023,67-9842926,"Mushroom - Trumpet, Dry",08.09.2023,7558.0,4228.75,Sayres Cordey
80-8976072,88-3401377,19-3472456,124.0,22.10.2023,19-3472456,Myers Planters Punch,20.04.2023,5552.0,593.03,Zaccaria Cromack
05-0935420,33-1531463,92-7438229,985.0,19.06.2023,92-7438229,Blue Curacao - Marie Brizard,05.04.2023,9117.0,2752.51,Anett Dwerryhouse
77-8558130,55-9571951,62-5339343,4260.0,17.10.2023,62-5339343,Halibut - Fletches,17.09.2023,9803.0,669.15,Ignazio Idle
81-2389718,24-3101371,55-5675916,7684.0,22.07.2023,55-5675916,Cream - 35%,25.11.2022,86.0,2457.1,Stillman Ellick
68-6272141,87-2219761,63-7333592,6125.0,21.05.2023,63-7333592,Pepper - Green,04.12.2022,1446.0,2552.95,Lizette Wederell
62-4929786,79-6964434,12-8016036,5098.0,14.07.2023,12-8016036,"Carrots - Purple, Organic",25.10.2023,6414.0,2204.28,Donaugh Bentley
35-2158667,73-4896562,75-7416841,8755.0,26.07.2023,75-7416841,Juice - Happy Planet,23.11.2022,8680.0,3881.36,Happy Merwood
20-8966941,40-0038090,21-8760387,8195.0,12.09.2023,21-8760387,Wood Chips - Regular,16.03.2023,7857.0,1663.87,Annecorinne Bapty
61-8961040,83-3220096,15-8849454,6796.0,25.04.2023,15-8849454,Lettuce - Escarole,03.04.2023,8626.0,2372.89,Vilma Compston
33-8484234,60-5702206,00-8955828,6570.0,11.06.2023,00-8955828,"Napkin - Beverge, White 2 - Ply",09.12.2022,5661.0,2813.91,Linette Duly
19-2921528,21-9733711,60-1894048,4216.0,13.07.2023,60-1894048,Arizona - Plum Green Tea,08.02.2023,6420.0,638.9,Gabbey Ruilton
21-0839639,48-3773504,77-1972645,9971.0,11.03.2023,77-1972645,"Mop Head - Cotton, 24 Oz",30.07.2023,621.0,2820.89,Becky Menendes
57-3326290,21-1446078,78-5692689,2974.0,06.04.2023,78-5692689,Soup - Campbells Chicken,14.12.2022,4307.0,1779.34,Kristos Thacke
45-2631886,27-2144066,23-6399971,1957.0,02.01.2023,23-6399971,Compound - Strawberry,26.03.2023,7610.0,4280.58,Aryn Davie
08-6101625,03-4395372,43-5910696,4742.0,10.10.2023,43-5910696,"Beans - Fava, Canned",04.02.2023,559.0,4468.09,Marris Rothera
75-0103448,72-2954959,34-3808305,9931.0,10.10.2023,34-3808305,Beef - Striploin,27.05.2023,5442.0,1163.21,Cristina Greathead
18-4543995,46-1157745,15-4015045,2810.0,30.11.2022,15-4015045,Vector Energy Bar,03.02.2023,1815.0,2821.81,Courtenay Yalden
53-8578393,85-7805087,46-4201824,127.0,21.09.2023,46-4201824,Lady Fingers,28.11.2022,3671.0,4034.42,Tamarra Wilks
19-6566776,48-0186542,99-8744602,7725.0,04.11.2023,99-8744602,Water - Tonic,29.04.2023,1970.0,2147.33,Marketa Maffy
34-5432532,75-9927939,40-8196289,5418.0,01.11.2023,40-8196289,Rice - Basmati,29.04.2023,7235.0,713.01,Wilbur Fishpoole
24-9838707,39-9332634,11-0825981,728.0,06.06.2023,11-0825981,Pop - Club Soda Can,02.05.2023,3961.0,3145.23,Genni Persian
73-3038659,75-1150384,69-8539974,9314.0,15.01.2023,69-8539974,Bread - Mini Hamburger Bun,26.04.2023,2226.0,3486.25,Charity McCarrison
04-3287363,88-3114549,19-3860523,7349.0,04.09.2023,19-3860523,Foil - Round Foil,12.09.2023,81.0,2887.52,Maud Harcarse
